Entity,Code,Year,"Net enrolment rate, secondary, gender parity index (GPI)"
Afghanistan,AFG,1974,0.166170001
Afghanistan,AFG,1993,0.376910001
Afghanistan,AFG,2007,0.379500002
Afghanistan,AFG,2013,0.561309993
Afghanistan,AFG,2014,0.572870016
Albania,ALB,2000,0.962000012
Albania,ALB,2001,0.959330022
Albania,ALB,2013,0.995090008
Albania,ALB,2014,0.98277998
Algeria,DZA,1971,0.41771999
Algeria,DZA,1984,0.718519986
Algeria,DZA,1995,0.879920006
Algeria,DZA,1996,0.891080022
Algeria,DZA,1997,0.941730022
Angola,AGO,1972,0.834980011
Angola,AGO,1982,0.533389986
Angola,AGO,2008,0.882229984
Angola,AGO,2009,0.890489995
Angola,AGO,2010,0.811950028
Antigua and Barbuda,ATG,2000,0.924319983
Antigua and Barbuda,ATG,2014,1.040770054
Arab World,,1970,0.604390025
Arab World,,1971,0.604740024
Arab World,,1972,0.610270023
Arab World,,1973,0.609160006
Arab World,,1974,0.617110014
Arab World,,1975,0.625069976
Arab World,,1976,0.633430004
Arab World,,1977,0.641300023
Arab World,,1978,0.647759974
Arab World,,1979,0.655979991
Arab World,,1980,0.667789996
Arab World,,1981,0.682479978
Arab World,,1982,0.694400012
Arab World,,1983,0.707830012
Arab World,,1984,0.721629977
Arab World,,1985,0.733479977
Arab World,,1986,0.743960023
Arab World,,1987,0.755980015
Arab World,,1988,0.769280016
Arab World,,1989,0.780420005
Arab World,,1990,0.789830029
Arab World,,1991,0.798479974
Arab World,,1992,0.809170008
Arab World,,1993,0.820569992
Arab World,,1994,0.831110001
Arab World,,1995,0.837310016
Arab World,,1996,0.843970001
Arab World,,1997,0.854929984
Arab World,,1998,0.857720017
Arab World,,1999,0.862730026
Arab World,,2000,0.863950014
Arab World,,2001,0.869000018
Arab World,,2002,0.874260008
Arab World,,2003,0.884819984
Arab World,,2004,0.884270012
Arab World,,2005,0.891260028
Arab World,,2006,0.898069978
Arab World,,2007,0.906790018
Arab World,,2008,0.911899984
Arab World,,2009,0.917180002
Arab World,,2010,0.920740008
Arab World,,2011,0.924579978
Arab World,,2012,0.926150024
Arab World,,2013,0.923269987
Arab World,,2014,0.924960017
Argentina,ARG,1974,1.134039998
Argentina,ARG,1975,1.139539957
Argentina,ARG,1998,1.072780013
Argentina,ARG,1999,1.072729945
Argentina,ARG,2000,1.061529994
Argentina,ARG,2001,1.062270045
Argentina,ARG,2002,1.06061995
Argentina,ARG,2003,1.067989945
Argentina,ARG,2004,1.082440019
Argentina,ARG,2005,1.094159961
Argentina,ARG,2006,1.107200027
Argentina,ARG,2007,1.116350055
Argentina,ARG,2008,1.124130011
Argentina,ARG,2009,1.114169955
Argentina,ARG,2010,1.094390035
Argentina,ARG,2011,1.097839952
Argentina,ARG,2012,1.082440019
Argentina,ARG,2013,1.069759965
Armenia,ARM,2007,1.148810029
Armenia,ARM,2008,1.153220057
Aruba,ABW,1999,1.085039973
Aruba,ABW,2000,1.054080009
Aruba,ABW,2001,1.051689982
Aruba,ABW,2002,1.067000031
Aruba,ABW,2003,1.070580006
Aruba,ABW,2004,1.000270009
Aruba,ABW,2005,1.01643002
Aruba,ABW,2007,1.03294003
Aruba,ABW,2008,1.094220042
Aruba,ABW,2009,1.085459948
Aruba,ABW,2011,1.100029945
Australia,AUS,1993,1.023100019
Australia,AUS,1994,1.024880052
Australia,AUS,1995,1.019340038
Australia,AUS,1996,1.013339996
Australia,AUS,2002,1.034929991
Australia,AUS,2003,1.030730009
Australia,AUS,2004,1.033370018
Australia,AUS,2005,1.047880054
Australia,AUS,2006,1.049970031
Australia,AUS,2007,1.049550056
Australia,AUS,2008,1.050099969
Australia,AUS,2009,1.041530013
Australia,AUS,2010,1.037539959
Australia,AUS,2011,1.034360051
Australia,AUS,2012,1.034929991
Australia,AUS,2013,1.030470014
Azerbaijan,AZE,2006,0.96645999
Azerbaijan,AZE,2007,0.968349993
Azerbaijan,AZE,2008,0.980449975
Azerbaijan,AZE,2009,1.003499985
Azerbaijan,AZE,2010,0.977620006
Azerbaijan,AZE,2011,0.974600017
Azerbaijan,AZE,2012,0.980949998
Azerbaijan,AZE,2013,0.976540029
Azerbaijan,AZE,2014,0.982259989
Bahamas,BHS,1992,1.029240012
Bahamas,BHS,1993,1.024610043
Bahamas,BHS,1999,0.989059985
Bahamas,BHS,2004,1.012689948
Bahamas,BHS,2005,1.006690025
Bahamas,BHS,2006,1.014310002
Bahamas,BHS,2007,1.047889948
Bahamas,BHS,2008,1.039479971
Bahamas,BHS,2009,1.04550004
Bahamas,BHS,2010,1.074540019
Bahrain,BHR,1977,1.005879998
Bahrain,BHR,1978,0.954980016
Bahrain,BHR,1979,0.940509975
Bahrain,BHR,1982,0.912020028
Bahrain,BHR,1983,0.90941
Bahrain,BHR,1984,0.988089979
Bahrain,BHR,1985,0.980369985
Bahrain,BHR,1986,0.979409993
Bahrain,BHR,1987,0.995350003
Bahrain,BHR,1989,1.013319969
Bahrain,BHR,1994,1.066840053
Bahrain,BHR,1995,1.049900055
Bahrain,BHR,1997,1.09592998
Bahrain,BHR,1998,1.07111001
Bahrain,BHR,1999,1.084419966
Bahrain,BHR,2000,1.083410025
Bahrain,BHR,2006,1.05369997
Bangladesh,BGD,1977,0.290179998
Bangladesh,BGD,1981,0.241870001
Bangladesh,BGD,1998,0.936739981
Bangladesh,BGD,1999,0.98785001
Bangladesh,BGD,2000,1.026780009
Bangladesh,BGD,2001,1.078889966
Bangladesh,BGD,2002,1.097139955
Bangladesh,BGD,2003,1.102699995
Bangladesh,BGD,2004,1.029800057
Bangladesh,BGD,2005,1.068510056
Bangladesh,BGD,2006,1.059270024
Bangladesh,BGD,2007,1.054990053
Bangladesh,BGD,2009,1.084869981
Bangladesh,BGD,2010,1.121090055
Bangladesh,BGD,2011,1.158740044
Bangladesh,BGD,2012,1.146630049
Bangladesh,BGD,2013,1.08502996
Barbados,BRB,1978,1.092990041
Barbados,BRB,1981,1.002789974
Barbados,BRB,1982,1.081470013
Barbados,BRB,1983,1.030099988
Barbados,BRB,1984,1.030550003
Barbados,BRB,1985,1.025329947
Barbados,BRB,1989,1.055199981
Barbados,BRB,1990,0.877219975
Barbados,BRB,2000,0.986559987
Barbados,BRB,2001,0.969280005
Barbados,BRB,2002,0.989660025
Barbados,BRB,2003,0.992829978
Barbados,BRB,2004,1.045079947
Barbados,BRB,2005,0.996510029
Barbados,BRB,2006,1.000270009
Barbados,BRB,2007,1.035820007
Barbados,BRB,2008,1.015759945
Barbados,BRB,2009,1.01304996
Barbados,BRB,2010,0.999650002
Barbados,BRB,2011,1.062860012
Belarus,BLR,2010,1.003059983
Belarus,BLR,2011,1.004920006
Belarus,BLR,2012,1.005110025
Belgium,BEL,1977,1.046530008
Belgium,BEL,1993,0.998139977
Belgium,BEL,1994,1.000419974
Belgium,BEL,1995,0.999539971
Belgium,BEL,1996,1.00620997
Belgium,BEL,2004,0.956950009
Belgium,BEL,2005,0.965740025
Belgium,BEL,2013,1.009789944
Belgium,BEL,2014,1.008129954
Belize,BLZ,1999,1.070690036
Belize,BLZ,2000,1.054669976
Belize,BLZ,2001,1.058990002
Belize,BLZ,2003,1.037619948
Belize,BLZ,2005,1.040719986
Belize,BLZ,2006,1.069280028
Belize,BLZ,2007,1.072329998
Belize,BLZ,2008,1.08660996
Belize,BLZ,2009,1.083269954
Belize,BLZ,2010,1.084470034
Belize,BLZ,2011,1.070449948
Belize,BLZ,2012,1.040140033
Belize,BLZ,2013,1.056059957
Belize,BLZ,2014,1.059319973
Benin,BEN,2000,0.457760006
Benin,BEN,2001,0.473870009
Benin,BEN,2013,0.683600008
Bermuda,BMU,1978,1.082919955
Bermuda,BMU,2010,0.922169983
Bermuda,BMU,2011,1.15692997
Bhutan,BTN,1998,0.900730014
Bhutan,BTN,1999,0.912509978
Bhutan,BTN,2000,0.92772001
Bhutan,BTN,2001,0.969290018
Bhutan,BTN,2005,1.015079975
Bhutan,BTN,2006,1.030069947
Bhutan,BTN,2008,1.015280008
Bhutan,BTN,2009,1.077749968
Bhutan,BTN,2010,1.097139955
Bhutan,BTN,2011,1.142070055
Bhutan,BTN,2012,1.150730014
Bhutan,BTN,2013,1.147549987
Bhutan,BTN,2014,1.136119962
Bolivia,BOL,2006,0.967230022
Bolivia,BOL,2007,0.98338002
Bolivia,BOL,2008,0.994140029
Bolivia,BOL,2009,1.002300024
Bolivia,BOL,2010,1.005310059
Bolivia,BOL,2011,1.010429978
Bolivia,BOL,2012,1.015280008
Bolivia,BOL,2013,1.013499975
Botswana,BWA,1971,0.925189972
Botswana,BWA,1972,0.919770002
Botswana,BWA,1973,1.119179964
Botswana,BWA,1974,1.230559945
Botswana,BWA,1975,1.317440033
Botswana,BWA,1976,1.380769968
Botswana,BWA,1977,1.421390057
Botswana,BWA,1978,1.437600017
Botswana,BWA,1979,1.508479953
Botswana,BWA,1980,1.405390024
Botswana,BWA,1981,1.323549986
Botswana,BWA,1984,1.217300057
Botswana,BWA,1985,1.197669983
Botswana,BWA,1986,1.171499968
Botswana,BWA,1989,1.153020024
Botswana,BWA,1990,1.191920042
Botswana,BWA,1991,1.222300053
Botswana,BWA,1992,1.182989955
Botswana,BWA,1993,1.165529966
Botswana,BWA,1994,1.136849999
Botswana,BWA,1995,1.213629961
Botswana,BWA,1998,1.137979984
Botswana,BWA,1999,1.165400028
Botswana,BWA,2000,1.154080033
Botswana,BWA,2002,1.151720047
Botswana,BWA,2003,1.149000049
Botswana,BWA,2013,1.127740026
Brazil,BRA,2007,1.121680021
Brazil,BRA,2009,1.102480054
Brazil,BRA,2011,1.089519978
Brazil,BRA,2012,1.077100039
Brazil,BRA,2013,1.066050053
Brunei,BRN,1977,1.08186996
Brunei,BRN,1978,1.081220031
Brunei,BRN,1979,1.08852005
Brunei,BRN,1980,1.111260056
Brunei,BRN,1981,1.136530042
Brunei,BRN,1982,1.116790056
Brunei,BRN,1983,1.124469995
Brunei,BRN,1984,1.133299947
Brunei,BRN,1991,1.118659973
Brunei,BRN,1992,1.137169957
Brunei,BRN,1993,1.080420017
Brunei,BRN,1994,1.099939942
Brunei,BRN,2005,1.017470002
Brunei,BRN,2006,1.027680039
Brunei,BRN,2007,1.029800057
Brunei,BRN,2008,1.024160028
Brunei,BRN,2009,1.019000053
Brunei,BRN,2010,1.013180017
Brunei,BRN,2011,1.000079989
Brunei,BRN,2012,1.006929994
Brunei,BRN,2013,1.022019982
Brunei,BRN,2014,1.012599945
Bulgaria,BGR,1998,0.986029983
Bulgaria,BGR,1999,0.988990009
Bulgaria,BGR,2000,0.980790019
Bulgaria,BGR,2001,0.982800007
Bulgaria,BGR,2002,0.980920017
Bulgaria,BGR,2003,0.978510022
Bulgaria,BGR,2004,0.976589978
Bulgaria,BGR,2005,0.975820005
Bulgaria,BGR,2006,0.974439979
Bulgaria,BGR,2007,0.98131001
Bulgaria,BGR,2008,0.975019991
Bulgaria,BGR,2009,0.974120021
Bulgaria,BGR,2010,0.974250019
Bulgaria,BGR,2011,0.978739977
Bulgaria,BGR,2012,0.981419981
Bulgaria,BGR,2013,0.973179996
Bulgaria,BGR,2014,0.973150015
Burkina Faso,BFA,1983,0.515280008
Burkina Faso,BFA,1986,0.521390021
Burkina Faso,BFA,1989,0.528479993
Burkina Faso,BFA,1992,0.537829995
Burkina Faso,BFA,1993,0.53779
Burkina Faso,BFA,1994,0.560679972
Burkina Faso,BFA,1999,0.59819001
Burkina Faso,BFA,2001,0.659889996
Burkina Faso,BFA,2003,0.682669997
Burkina Faso,BFA,2004,0.685880005
Burkina Faso,BFA,2005,0.707289994
Burkina Faso,BFA,2006,0.714609981
Burkina Faso,BFA,2007,0.722930014
Burkina Faso,BFA,2008,0.736660004
Burkina Faso,BFA,2009,0.741639972
Burkina Faso,BFA,2010,0.777649999
Burkina Faso,BFA,2011,0.801490009
Burkina Faso,BFA,2012,0.830760002
Burkina Faso,BFA,2013,0.872200012
Burundi,BDI,1976,0.457340002
Burundi,BDI,1977,0.487619996
Burundi,BDI,1980,0.508769989
Burundi,BDI,1982,0.60382998
Burundi,BDI,1983,0.485570014
Burundi,BDI,1984,0.495330006
Burundi,BDI,1985,0.546419978
Burundi,BDI,1986,0.555040002
Burundi,BDI,1987,0.592530012
Burundi,BDI,1993,0.658680022
Burundi,BDI,2009,0.792559981
Burundi,BDI,2010,0.788649976
Burundi,BDI,2011,0.809899986
Burundi,BDI,2012,0.866180003
Burundi,BDI,2013,0.935720026
Burundi,BDI,2014,0.98961997
Cambodia,KHM,1998,0.546270013
Cambodia,KHM,1999,0.538810015
Cambodia,KHM,2000,0.55953002
Cambodia,KHM,2001,0.586570024
Cambodia,KHM,2002,0.602400005
Cambodia,KHM,2003,0.645399988
Cambodia,KHM,2004,0.743860006
Cambodia,KHM,2006,0.867680013
Cambodia,KHM,2007,0.884829998
Cambodia,KHM,2008,0.918449998
Cameroon,CMR,1971,0.432610005
Cameroon,CMR,1972,0.46092999
Cameroon,CMR,1973,0.471989989
Cameroon,CMR,1974,0.49921
Cameroon,CMR,1975,0.495169997
Cameroon,CMR,1976,0.514800012
Cameroon,CMR,1977,0.544730008
Cameroon,CMR,1978,0.554880023
Cameroon,CMR,1979,0.572560012
Cameroon,CMR,1980,0.573939979
Cameroon,CMR,1981,0.571770012
Cameroon,CMR,2012,0.87361002
Cameroon,CMR,2013,0.874520004
Cameroon,CMR,2014,0.869989991
Canada,CAN,1994,0.959980011
Cape Verde,CPV,1987,0.915139973
Cape Verde,CPV,1994,1.04392004
Cape Verde,CPV,2002,1.076660037
Cape Verde,CPV,2003,1.12567997
Cape Verde,CPV,2004,1.138399959
Cape Verde,CPV,2005,1.15072
Cape Verde,CPV,2006,1.161129951
Cape Verde,CPV,2007,1.160770059
Cape Verde,CPV,2009,1.156790018
Cape Verde,CPV,2012,1.133769989
Cape Verde,CPV,2013,1.132789969
Cape Verde,CPV,2014,1.138880014
Central African Republic,CAF,1971,0.234129995
Central African Republic,CAF,1972,0.206430003
Central African Republic,CAF,1973,0.2051
Central African Republic,CAF,2009,0.583769977
Central African Republic,CAF,2011,0.555019975
Central African Republic,CAF,2012,0.52105999
Chad,TCD,1998,0.311250001
Chad,TCD,1999,0.299180001
Chad,TCD,2000,0.317499995
Chad,TCD,2001,0.340719998
Chad,TCD,2002,0.361220002
Chad,TCD,2003,0.33434999
Chile,CHL,2007,1.028020024
Chile,CHL,2008,1.031020045
Chile,CHL,2009,1.036839962
Chile,CHL,2010,1.038120031
Chile,CHL,2011,1.042359948
Chile,CHL,2012,1.048760056
Chile,CHL,2013,1.038249969
Chile,CHL,2014,1.038149953
Colombia,COL,2005,1.108500004
Colombia,COL,2006,1.114439964
Colombia,COL,2007,1.109809995
Colombia,COL,2008,1.095469952
Colombia,COL,2009,1.085759997
Colombia,COL,2010,1.079380035
Colombia,COL,2011,1.076020002
Colombia,COL,2012,1.08296001
Colombia,COL,2013,1.081050038
Colombia,COL,2014,1.079249978
Comoros,COM,2013,1.070680022
Congo,COG,1972,0.497040004
Congo,COG,1974,0.574850023
Congo,COG,1976,0.593850017
Costa Rica,CRI,1970,1.071349978
Costa Rica,CRI,1973,1.127760053
Costa Rica,CRI,1975,1.118669987
Costa Rica,CRI,1976,1.129130006
Costa Rica,CRI,1979,1.153920054
Costa Rica,CRI,1981,1.13835001
Costa Rica,CRI,1982,1.135589957
Costa Rica,CRI,1985,1.102630019
Costa Rica,CRI,1986,1.080109954
Costa Rica,CRI,1987,1.065780044
Costa Rica,CRI,1989,1.047009945
Costa Rica,CRI,1990,1.061339974
Costa Rica,CRI,1991,1.072829962
Costa Rica,CRI,2011,1.057719946
Costa Rica,CRI,2012,1.053179979
Costa Rica,CRI,2013,1.059659958
Costa Rica,CRI,2014,1.051910043
Croatia,HRV,1999,1.019180059
Croatia,HRV,2000,1.020040035
Croatia,HRV,2001,1.017449975
Croatia,HRV,2002,1.016559958
Croatia,HRV,2003,1.01857996
Croatia,HRV,2005,1.024309993
Croatia,HRV,2008,1.026569963
Croatia,HRV,2011,1.030009985
Croatia,HRV,2012,1.03113997
Croatia,HRV,2014,1.030699968
Cuba,CUB,1972,1.037930012
Cuba,CUB,1973,1.018300056
Cuba,CUB,1974,0.999989986
Cuba,CUB,1979,1.073629975
Cuba,CUB,1986,1.112269998
Cuba,CUB,1987,1.088680029
Cuba,CUB,1988,1.092219949
Cuba,CUB,1989,1.118780017
Cuba,CUB,1990,1.073140025
Cuba,CUB,1991,1.148149967
Cuba,CUB,1992,1.171519995
Cuba,CUB,1994,1.14222002
Cuba,CUB,1999,1.095309973
Cuba,CUB,2000,1.028210044
Cuba,CUB,2001,1.038660049
Cuba,CUB,2002,0.999339998
Cuba,CUB,2003,0.994729996
Cuba,CUB,2004,1.027729988
Cuba,CUB,2005,1.031340003
Cuba,CUB,2006,1.039049983
Cuba,CUB,2007,1.036309958
Cuba,CUB,2008,1.032570004
Cuba,CUB,2009,1.036550045
Cuba,CUB,2010,1.024299979
Cuba,CUB,2011,1.030320048
Cuba,CUB,2012,1.041640043
Cuba,CUB,2013,1.036859989
Cyprus,CYP,1971,0.928070009
Cyprus,CYP,1972,0.955030024
Cyprus,CYP,1973,0.97062999
Cyprus,CYP,1974,0.988330007
Cyprus,CYP,1975,0.955900013
Cyprus,CYP,1976,0.970640004
Cyprus,CYP,1977,0.97529
Cyprus,CYP,1978,0.994390011
Cyprus,CYP,1979,1.005370021
Cyprus,CYP,1980,1.022469997
Cyprus,CYP,1981,1.027330041
Cyprus,CYP,1982,1.039499998
Cyprus,CYP,1983,1.060490012
Cyprus,CYP,1994,1.021829963
Cyprus,CYP,1995,1.022130013
Cyprus,CYP,1996,1.027750015
Cyprus,CYP,1997,1.032349944
Cyprus,CYP,1999,1.039569974
Cyprus,CYP,2000,1.031370044
Cyprus,CYP,2001,1.023830056
Cyprus,CYP,2002,1.031350017
Cyprus,CYP,2003,1.032789946
Cyprus,CYP,2004,1.033139944
Cyprus,CYP,2005,1.024870038
Cyprus,CYP,2006,1.022459984
Cyprus,CYP,2007,1.024970055
Cyprus,CYP,2008,1.018470049
Cyprus,CYP,2009,1.019170046
Cyprus,CYP,2010,1.018139958
Cyprus,CYP,2011,1.020630002
Cyprus,CYP,2012,1.024430037
Cyprus,CYP,2013,1.017259955
Cyprus,CYP,2014,1.016499996
Democratic Republic of Congo,COD,1992,0.570479989
Democratic Republic of Congo,COD,1993,0.555920005
Democratic Republic of Congo,COD,1994,0.509760022
Denmark,DNK,1981,1.027809978
Denmark,DNK,1982,1.031769991
Denmark,DNK,1983,1.023790002
Denmark,DNK,1984,1.028439999
Denmark,DNK,1985,1.023550034
Denmark,DNK,1986,1.025249958
Denmark,DNK,1987,1.021700025
Denmark,DNK,1988,1.023229957
Denmark,DNK,1989,1.024410009
Denmark,DNK,1990,1.024960041
Denmark,DNK,1991,1.028329968
Denmark,DNK,1992,1.025740027
Denmark,DNK,1993,1.030869961
Denmark,DNK,1994,1.030959964
Denmark,DNK,1995,1.031780005
Denmark,DNK,1996,1.026649952
Denmark,DNK,1998,1.028499961
Denmark,DNK,2000,1.021939993
Denmark,DNK,2001,1.024960041
Denmark,DNK,2002,1.032140017
Denmark,DNK,2003,1.038640022
Denmark,DNK,2004,1.033370018
Denmark,DNK,2005,1.031010032
Denmark,DNK,2006,1.03471005
Denmark,DNK,2007,1.034180045
Denmark,DNK,2008,1.036249995
Denmark,DNK,2009,1.032199979
Denmark,DNK,2010,1.027400017
Denmark,DNK,2011,1.028020024
Denmark,DNK,2012,1.024940014
Denmark,DNK,2013,1.02857995
Denmark,DNK,2014,1.032739997
Djibouti,DJI,1985,0.606090009
Djibouti,DJI,1986,0.66595
Djibouti,DJI,1987,0.708840013
Djibouti,DJI,1988,0.751420021
Djibouti,DJI,1997,0.695280015
Djibouti,DJI,2001,0.642989993
Djibouti,DJI,2002,0.633430004
Djibouti,DJI,2004,0.68441999
Djibouti,DJI,2005,0.652100027
Djibouti,DJI,2008,0.722769976
Dominica,DMA,1999,1.33118999
Dominica,DMA,2000,1.144580007
Dominica,DMA,2001,1.133669972
Dominica,DMA,2003,1.124780059
Dominica,DMA,2004,1.111009955
Dominica,DMA,2005,1.089779973
Dominica,DMA,2006,1.169199944
Dominica,DMA,2009,1.20212996
Dominica,DMA,2010,1.090749979
Dominica,DMA,2011,1.066230059
Dominican Republic,DOM,1999,1.243880033
Dominican Republic,DOM,2000,1.238100052
Dominican Republic,DOM,2002,1.250990033
Dominican Republic,DOM,2004,1.193179965
Dominican Republic,DOM,2005,1.22142005
Dominican Republic,DOM,2007,1.225839972
Dominican Republic,DOM,2008,1.218659997
Dominican Republic,DOM,2009,1.133110046
Dominican Republic,DOM,2010,1.152590036
Dominican Republic,DOM,2011,1.156090021
Dominican Republic,DOM,2012,1.152060032
Dominican Republic,DOM,2013,1.147289991
Dominican Republic,DOM,2014,1.141389966
East Asia and Pacific,,1998,0.92355001
East Asia and Pacific,,1999,0.924250007
East Asia and Pacific,,2000,0.939220011
East Asia and Pacific,,2001,0.951789975
East Asia and Pacific,,2002,0.967209995
East Asia and Pacific,,2003,0.982640028
East Asia and Pacific,,2004,1.000370026
East Asia and Pacific,,2005,1.01770997
East Asia and Pacific,,2006,1.02531004
East Asia and Pacific,,2007,1.030429959
East Asia and Pacific,,2008,1.033100009
East Asia and Pacific,,2009,1.035380006
East Asia and Pacific,,2010,1.038480043
East Asia and Pacific,,2011,1.042379975
East Asia and Pacific,,2012,1.048040032
East Asia and Pacific,,2013,1.041290045
East Asia and Pacific,,2014,1.043220043
East Asia and Pacific (excluding high-income countries),,1998,0.912930012
East Asia and Pacific (excluding high-income countries),,1999,0.914629996
East Asia and Pacific (excluding high-income countries),,2000,0.931850016
East Asia and Pacific (excluding high-income countries),,2001,0.946030021
East Asia and Pacific (excluding high-income countries),,2002,0.963249981
East Asia and Pacific (excluding high-income countries),,2003,0.98040998
East Asia and Pacific (excluding high-income countries),,2005,1.018859982
East Asia and Pacific (excluding high-income countries),,2006,1.027220011
East Asia and Pacific (excluding high-income countries),,2007,1.03283
East Asia and Pacific (excluding high-income countries),,2008,1.035770059
East Asia and Pacific (excluding high-income countries),,2009,1.038310051
East Asia and Pacific (excluding high-income countries),,2010,1.041710019
East Asia and Pacific (excluding high-income countries),,2011,1.045950055
East Asia and Pacific (excluding high-income countries),,2012,1.052080035
East Asia and Pacific (excluding high-income countries),,2013,1.044510007
East Asia and Pacific (excluding high-income countries),,2014,1.046589971
Ecuador,ECU,1998,1.049659967
Ecuador,ECU,1999,1.031759977
Ecuador,ECU,2000,1.031229973
Ecuador,ECU,2001,1.037660003
Ecuador,ECU,2002,1.018659949
Ecuador,ECU,2003,1.032480001
Ecuador,ECU,2004,1.015130043
Ecuador,ECU,2005,1.024739981
Ecuador,ECU,2006,1.025359988
Ecuador,ECU,2007,1.017699957
Ecuador,ECU,2010,1.023370028
Ecuador,ECU,2011,1.022189975
Ecuador,ECU,2012,1.025589943
Ecuador,ECU,2013,1.035969973
Egypt,EGY,1971,0.521189988
Egypt,EGY,1972,0.539279997
Egypt,EGY,1973,0.545120001
Egypt,EGY,1974,0.547909975
Egypt,EGY,1994,0.858870029
Egypt,EGY,2011,0.998989999
Egypt,EGY,2014,1.014209986
El Salvador,SLV,2000,0.977649987
El Salvador,SLV,2001,0.990100026
El Salvador,SLV,2002,0.98654002
El Salvador,SLV,2005,1.012709975
El Salvador,SLV,2006,1.024909973
El Salvador,SLV,2007,1.024449944
El Salvador,SLV,2008,1.01967001
El Salvador,SLV,2009,1.017590046
El Salvador,SLV,2010,1.014400005
El Salvador,SLV,2011,1.00759995
El Salvador,SLV,2012,1.010130048
El Salvador,SLV,2013,1.017050028
El Salvador,SLV,2014,1.028020024
Equatorial Guinea,GNQ,1999,0.332940012
Equatorial Guinea,GNQ,2005,0.76722002
Eritrea,ERI,1994,0.893220007
Eritrea,ERI,1995,0.890339971
Eritrea,ERI,1997,0.855340004
Eritrea,ERI,1999,0.812179983
Eritrea,ERI,2000,0.814100027
Eritrea,ERI,2001,0.808830023
Eritrea,ERI,2002,0.75029999
Eritrea,ERI,2003,0.746680021
Eritrea,ERI,2004,0.642090023
Eritrea,ERI,2005,0.680790007
Eritrea,ERI,2006,0.684199989
Eritrea,ERI,2007,0.732559979
Eritrea,ERI,2008,0.728630006
Eritrea,ERI,2009,0.74533999
Eritrea,ERI,2010,0.782519996
Eritrea,ERI,2011,0.813690007
Eritrea,ERI,2012,0.815110028
Eritrea,ERI,2013,0.843460023
Estonia,EST,1998,1.056769967
Estonia,EST,1999,1.064059973
Estonia,EST,2000,1.065719962
Estonia,EST,2001,1.065260053
Estonia,EST,2002,1.061720014
Estonia,EST,2003,1.071429968
Estonia,EST,2004,1.053509951
Estonia,EST,2006,1.042330027
Estonia,EST,2007,1.046880007
Estonia,EST,2008,1.039240003
Estonia,EST,2009,1.025320053
Estonia,EST,2010,1.017240047
Estonia,EST,2011,1.00703001
Estonia,EST,2012,1.00541997
Estonia,EST,2013,1.012869954
Eswatini,SWZ,1971,0.972180009
Eswatini,SWZ,1972,1.001410007
Eswatini,SWZ,1974,1.046679974
Eswatini,SWZ,1975,1.070449948
Eswatini,SWZ,1976,1.097540021
Eswatini,SWZ,1977,1.15297997
Eswatini,SWZ,1998,1.101150036
Eswatini,SWZ,1999,1.177880049
Eswatini,SWZ,2000,1.19464004
Eswatini,SWZ,2001,1.209879994
Eswatini,SWZ,2002,1.233060002
Eswatini,SWZ,2003,1.261839986
Eswatini,SWZ,2004,1.149850011
Eswatini,SWZ,2005,1.232220054
Eswatini,SWZ,2006,1.372189999
Eswatini,SWZ,2007,0.86688
Eswatini,SWZ,2009,1.279029965
Eswatini,SWZ,2010,1.287870049
Eswatini,SWZ,2011,1.166659951
Eswatini,SWZ,2012,1.196619987
Eswatini,SWZ,2013,1.242759943
Ethiopia,ETH,1999,0.715250015
Ethiopia,ETH,2000,0.70739001
Ethiopia,ETH,2001,0.670080006
Ethiopia,ETH,2002,0.615920007
Euro area,,1976,1.009909987
Euro area,,1977,1.01177001
Euro area,,1978,1.018319964
Euro area,,1979,1.021039963
Euro area,,1980,1.023110032
Euro area,,1981,1.02602005
Euro area,,1982,1.02828002
Euro area,,1983,1.029770017
Euro area,,1984,1.029809952
Euro area,,1985,1.03076005
Euro area,,1986,1.030670047
Euro area,,1987,1.029189944
Euro area,,1988,1.029109955
Euro area,,1989,1.029489994
Euro area,,1990,1.029919982
Euro area,,1991,1.029080033
Euro area,,1992,1.028270006
Euro area,,1993,1.028040051
Euro area,,1994,1.017830014
Euro area,,1995,1.01812005
Euro area,,1996,1.021649957
Euro area,,1997,1.019019961
Euro area,,1998,1.020040035
Euro area,,1999,1.019809961
Euro area,,2000,1.014199972
Euro area,,2001,1.023659945
Euro area,,2002,1.018429995
Euro area,,2003,1.02136004
Euro area,,2004,1.022480011
Euro area,,2005,1.020660043
Euro area,,2006,1.017930031
Euro area,,2007,1.016659975
Euro area,,2008,1.014150023
Euro area,,2009,1.012770057
Euro area,,2010,1.009310007
Euro area,,2011,1.009449959
Euro area,,2012,1.009549975
Euro area,,2013,1.009140015
Euro area,,2014,1.00940001
Europe and Central Asia,,1996,0.995410025
Europe and Central Asia,,1997,0.995970011
Europe and Central Asia,,1998,0.997489989
Europe and Central Asia,,1999,0.999170005
Europe and Central Asia,,2000,0.997950017
Europe and Central Asia,,2001,0.999390006
Europe and Central Asia,,2002,0.997409999
Europe and Central Asia,,2003,0.99901998
Europe and Central Asia,,2004,0.999840021
Europe and Central Asia,,2005,0.999040008
Europe and Central Asia,,2006,0.99871999
Europe and Central Asia,,2007,0.998470008
Europe and Central Asia,,2008,0.999639988
Europe and Central Asia,,2010,0.997070014
Europe and Central Asia,,2011,0.99673003
Europe and Central Asia,,2012,0.999629974
Europe and Central Asia,,2013,0.999769986
Europe and Central Asia (excluding high-income countries),,1999,0.979820013
Europe and Central Asia (excluding high-income countries),,2000,0.981480002
Europe and Central Asia (excluding high-income countries),,2001,0.979279995
Europe and Central Asia (excluding high-income countries),,2002,0.978540003
Europe and Central Asia (excluding high-income countries),,2003,0.978690028
Europe and Central Asia (excluding high-income countries),,2004,0.979170024
Europe and Central Asia (excluding high-income countries),,2005,0.978799999
Europe and Central Asia (excluding high-income countries),,2006,0.979309976
Europe and Central Asia (excluding high-income countries),,2007,0.980050027
Europe and Central Asia (excluding high-income countries),,2008,0.984860003
Europe and Central Asia (excluding high-income countries),,2009,0.987399995
Europe and Central Asia (excluding high-income countries),,2010,0.984640002
Europe and Central Asia (excluding high-income countries),,2011,0.984499991
Europe and Central Asia (excluding high-income countries),,2012,0.990880013
Europe and Central Asia (excluding high-income countries),,2013,0.990970016
Europe and Central Asia (excluding high-income countries),,2014,0.990840018
European Union,,1976,1.013409972
European Union,,1977,1.01462996
European Union,,1978,1.019070029
European Union,,1979,1.02105999
European Union,,1980,1.023589969
European Union,,1981,1.026659966
European Union,,1982,1.028329968
European Union,,1983,1.028660059
European Union,,1984,1.028669953
European Union,,1985,1.029459953
European Union,,1986,1.029530048
European Union,,1987,1.02749002
European Union,,1988,1.027590036
European Union,,1989,1.027950048
European Union,,1990,1.028509974
European Union,,1991,1.028319955
European Union,,1992,1.027840018
European Union,,1993,1.024760008
European Union,,1994,1.018049955
European Union,,1995,1.018470049
European Union,,1996,1.021350026
European Union,,1997,1.019989967
European Union,,1998,1.02098
European Union,,1999,1.021090031
European Union,,2000,1.016960025
European Union,,2001,1.022199988
European Union,,2002,1.018589973
European Union,,2003,1.021239996
European Union,,2004,1.022040009
European Union,,2005,1.020110011
European Union,,2006,1.018450022
European Union,,2007,1.016890049
European Union,,2008,1.013870001
European Union,,2009,1.012079954
European Union,,2010,1.008700013
European Union,,2011,1.008200049
European Union,,2012,1.007609963
European Union,,2013,1.007979989
European Union,,2014,1.008700013
Fiji,FJI,1999,1.130110025
Fiji,FJI,2000,1.107830048
Fiji,FJI,2001,1.072100043
Fiji,FJI,2002,1.105499983
Fiji,FJI,2003,1.08750999
Fiji,FJI,2004,1.089540005
Fiji,FJI,2006,1.090690017
Fiji,FJI,2007,1.130599976
Fiji,FJI,2009,1.11006999
Fiji,FJI,2011,1.090499997
Fiji,FJI,2012,1.111420035
Finland,FIN,1979,1.047719955
Finland,FIN,1991,1.018779993
Finland,FIN,1993,1.025060058
Finland,FIN,1994,1.015949965
Finland,FIN,1995,1.018149972
Finland,FIN,1996,1.024170041
Finland,FIN,1997,1.012420058
Finland,FIN,1998,1.031939983
Finland,FIN,1999,1.007840037
Finland,FIN,2000,1.016070008
Finland,FIN,2001,1.016080022
Finland,FIN,2002,1.015709996
Finland,FIN,2003,1.009089947
Finland,FIN,2004,1.004950047
Finland,FIN,2005,1.005679965
Finland,FIN,2006,1.00327003
Finland,FIN,2007,1.006270051
Finland,FIN,2008,1.008919954
Finland,FIN,2009,1.009449959
Finland,FIN,2010,1.008159995
Finland,FIN,2011,1.00601995
Finland,FIN,2012,1.006080031
Finland,FIN,2013,1.005890012
Finland,FIN,2014,1.001719952
France,FRA,1977,1.094509959
France,FRA,1979,1.105880022
France,FRA,1980,1.109140038
France,FRA,1982,1.105829954
France,FRA,1983,1.101469994
France,FRA,1985,1.084069967
France,FRA,1986,1.08020997
France,FRA,1987,1.074139953
France,FRA,1988,1.070240021
France,FRA,1989,1.072149992
France,FRA,1990,1.070070028
France,FRA,1992,1.050549984
France,FRA,1993,1.047909975
France,FRA,1994,1.012879968
France,FRA,1995,1.010400057
France,FRA,1996,1.014019966
France,FRA,1997,1.008290052
France,FRA,1999,1.013329983
France,FRA,2000,1.014279962
France,FRA,2001,1.016260028
France,FRA,2002,1.015429974
France,FRA,2003,1.015650034
France,FRA,2004,1.014780045
Gambia,GMB,1978,0.45897001
Gambia,GMB,1979,0.426470011
Gambia,GMB,1983,0.416669995
Gambia,GMB,1984,0.428229988
Gambia,GMB,1985,0.418000013
Gambia,GMB,1986,0.419849992
Georgia,GEO,1996,0.967100024
Georgia,GEO,1997,0.967970014
Georgia,GEO,1999,0.997650027
Georgia,GEO,2000,0.994490027
Georgia,GEO,2005,0.977100015
Georgia,GEO,2006,1.010210037
Georgia,GEO,2008,0.957180023
Georgia,GEO,2013,0.989170015
Georgia,GEO,2014,0.999090016
Ghana,GHA,1999,0.84671998
Ghana,GHA,2000,0.868390024
Ghana,GHA,2001,0.892069995
Ghana,GHA,2002,0.895820022
Ghana,GHA,2003,0.902639985
Ghana,GHA,2004,0.865580022
Ghana,GHA,2005,0.880710006
Ghana,GHA,2006,0.874440014
Ghana,GHA,2007,0.900839984
Ghana,GHA,2008,0.908469975
Ghana,GHA,2009,0.914439976
Ghana,GHA,2013,0.952180028
Ghana,GHA,2014,0.970790029
Ghana,GHA,2015,0.981739998
Greece,GRC,1971,0.871739984
Greece,GRC,1972,0.851000011
Greece,GRC,1973,0.846459985
Greece,GRC,1974,0.85759002
Greece,GRC,1975,0.867160022
Greece,GRC,1976,0.871630013
Greece,GRC,1977,0.865459979
Greece,GRC,1978,0.90417999
Greece,GRC,1979,0.919719994
Greece,GRC,1980,0.900039971
Greece,GRC,1982,0.970300019
Greece,GRC,1984,1.016669989
Greece,GRC,1985,1.017660022
Greece,GRC,1986,1.007910013
Greece,GRC,1987,0.997669995
Greece,GRC,1988,1.000020027
Greece,GRC,1989,1.004840016
Greece,GRC,1991,1.022310019
Greece,GRC,1992,1.023720026
Greece,GRC,1994,1.009230018
Greece,GRC,1996,1.068729997
Greece,GRC,1997,1.066980004
Greece,GRC,1998,1.073119998
Greece,GRC,1999,1.076370001
Greece,GRC,2000,1.084010005
Greece,GRC,2001,1.073029995
Greece,GRC,2002,1.044720054
Greece,GRC,2003,1.036980033
Greece,GRC,2004,1.024860024
Greece,GRC,2005,1.001410007
Greece,GRC,2006,0.984920025
Greece,GRC,2007,0.968500018
Greece,GRC,2010,0.977800012
Greece,GRC,2013,0.990980029
Grenada,GRD,1972,1.215610027
Grenada,GRD,2002,1.198300004
Grenada,GRD,2003,1.009660006
Grenada,GRD,2004,1.081099987
Grenada,GRD,2005,1.006530046
Grenada,GRD,2013,1.017310023
Grenada,GRD,2014,1.027809978
Guatemala,GTM,1972,0.867209971
Guatemala,GTM,1974,0.875159979
Guatemala,GTM,1975,0.899389982
Guatemala,GTM,1999,0.853910029
Guatemala,GTM,2000,0.905330002
Guatemala,GTM,2001,0.924539983
Guatemala,GTM,2002,0.913829982
Guatemala,GTM,2008,0.953369975
Guatemala,GTM,2009,0.951510012
Guatemala,GTM,2010,0.936259985
Guatemala,GTM,2011,0.93483001
Guatemala,GTM,2012,0.936959982
Guatemala,GTM,2013,0.934740007
Guatemala,GTM,2014,0.94562
Guinea,GIN,1986,0.387870014
Guinea,GIN,1989,0.368739992
Guinea,GIN,1990,0.376010001
Guinea,GIN,1999,0.371030003
Guinea,GIN,2001,0.407770008
Guinea,GIN,2002,0.429540008
Guinea,GIN,2003,0.47262001
Guinea,GIN,2004,0.482050002
Guinea,GIN,2005,0.523999989
Guinea,GIN,2006,0.55953002
Guinea,GIN,2011,0.630919993
Guinea,GIN,2014,0.662100017
Guinea-Bissau,GNB,1981,0.314119995
Guinea-Bissau,GNB,1982,0.222660005
Guinea-Bissau,GNB,1984,0.241510004
Guinea-Bissau,GNB,2000,0.561800003
Guyana,GUY,1971,1.023790002
Guyana,GUY,1999,0.992709994
Guyana,GUY,2009,0.953679979
Guyana,GUY,2011,1.003569961
Heavily-indebted poor countries,,1992,0.728630006
Heavily-indebted poor countries,,1993,0.72665
Heavily-indebted poor countries,,1994,0.712639987
Heavily-indebted poor countries,,1995,0.713509977
Heavily-indebted poor countries,,1996,0.717800021
Heavily-indebted poor countries,,1997,0.722630024
Heavily-indebted poor countries,,1998,0.727129996
Heavily-indebted poor countries,,1999,0.730949998
Heavily-indebted poor countries,,2000,0.735450029
Heavily-indebted poor countries,,2001,0.740180016
Heavily-indebted poor countries,,2002,0.737559974
Heavily-indebted poor countries,,2003,0.745899975
Heavily-indebted poor countries,,2004,0.740679979
Heavily-indebted poor countries,,2005,0.748870015
Heavily-indebted poor countries,,2006,0.746990025
Heavily-indebted poor countries,,2007,0.757570028
Heavily-indebted poor countries,,2008,0.761650026
Heavily-indebted poor countries,,2009,0.772040009
Heavily-indebted poor countries,,2010,0.78926003
Heavily-indebted poor countries,,2011,0.803359985
Heavily-indebted poor countries,,2012,0.814649999
Heavily-indebted poor countries,,2013,0.827409983
Heavily-indebted poor countries,,2014,0.82911998
High-income countries,,1977,1.010589957
High-income countries,,1978,1.013399959
High-income countries,,1979,1.014469981
High-income countries,,1980,1.01849997
High-income countries,,1981,1.020959973
High-income countries,,1982,1.022250056
High-income countries,,1983,1.02256
High-income countries,,1984,1.022519946
High-income countries,,1985,1.023499966
High-income countries,,1986,1.023990035
High-income countries,,1987,1.023720026
High-income countries,,1988,1.023560047
High-income countries,,1989,1.023309946
High-income countries,,1990,1.022109985
High-income countries,,1991,1.020769954
High-income countries,,1992,1.020439982
High-income countries,,1993,1.018350005
High-income countries,,1994,1.014500022
High-income countries,,1995,1.017470002
High-income countries,,1996,1.014790058
High-income countries,,1997,1.015149951
High-income countries,,1998,1.016160011
High-income countries,,1999,1.016890049
High-income countries,,2000,1.016049981
High-income countries,,2001,1.019490004
High-income countries,,2002,1.012429953
High-income countries,,2003,1.017770052
High-income countries,,2004,1.022300005
High-income countries,,2005,1.021180034
High-income countries,,2006,1.018169999
High-income countries,,2007,1.016520023
High-income countries,,2008,1.013360023
High-income countries,,2009,1.014999986
High-income countries,,2010,1.01109004
High-income countries,,2011,1.010710001
High-income countries,,2012,1.012639999
High-income countries,,2013,1.009639978
High-income countries,,2014,1.013509989
Honduras,HND,1983,1.111099958
Honduras,HND,2013,1.17682004
Honduras,HND,2014,1.159549952
Hong Kong,HKG,1971,0.786409974
Hong Kong,HKG,1972,0.806739986
Hong Kong,HKG,1973,0.842190027
Hong Kong,HKG,1974,0.877040029
Hong Kong,HKG,1975,0.8926
Hong Kong,HKG,1976,0.930930018
Hong Kong,HKG,1977,0.95411998
Hong Kong,HKG,1978,0.990610003
Hong Kong,HKG,1979,1.040320039
Hong Kong,HKG,1980,1.048879981
Hong Kong,HKG,1981,1.073930025
Hong Kong,HKG,1983,1.092730045
Hong Kong,HKG,1984,1.088529944
Hong Kong,HKG,1985,1.075199962
Hong Kong,HKG,1996,1.032520056
Hong Kong,HKG,2001,0.998459995
Hong Kong,HKG,2002,0.991159976
Hong Kong,HKG,2003,0.99804002
Hong Kong,HKG,2004,0.999840021
Hong Kong,HKG,2005,1.004989982
Hong Kong,HKG,2006,1.004529953
Hong Kong,HKG,2007,0.998839974
Hong Kong,HKG,2008,0.998000026
Hong Kong,HKG,2009,0.998560011
Hong Kong,HKG,2010,0.995100021
Hong Kong,HKG,2011,0.994859993
Hong Kong,HKG,2012,0.999909997
Hong Kong,HKG,2013,0.994989991
Hong Kong,HKG,2014,0.99188
Hungary,HUN,1997,1.025210023
Hungary,HUN,1998,1.01651001
Hungary,HUN,1999,1.011800051
Hungary,HUN,2000,1.007840037
Hungary,HUN,2001,1.004449964
Hungary,HUN,2002,0.999450028
Hungary,HUN,2003,0.997690022
Hungary,HUN,2004,0.98439002
Hungary,HUN,2005,0.996420026
Hungary,HUN,2006,0.997860014
Hungary,HUN,2007,0.998960018
Hungary,HUN,2008,0.991770029
Hungary,HUN,2009,0.994050026
Hungary,HUN,2010,0.996140003
Hungary,HUN,2011,0.993219972
Hungary,HUN,2012,0.994369984
Hungary,HUN,2013,0.995769978
Hungary,HUN,2014,0.998510003
Iceland,ISL,1998,1.016160011
Iceland,ISL,1999,1.049600005
Iceland,ISL,2000,1.055310011
Iceland,ISL,2001,1.039829969
Iceland,ISL,2002,1.033879995
Iceland,ISL,2003,1.040799975
Iceland,ISL,2004,1.033360004
Iceland,ISL,2005,1.029729962
Iceland,ISL,2006,1.022089958
Iceland,ISL,2007,1.033220053
Iceland,ISL,2008,1.027819991
Iceland,ISL,2009,1.026819944
Iceland,ISL,2010,1.018210053
Iceland,ISL,2011,1.010040045
Iceland,ISL,2012,1.008859992
India,IND,2013,1.013080001
Indonesia,IDN,1972,0.603299975
Indonesia,IDN,1973,0.601620018
Indonesia,IDN,1974,0.616699994
Indonesia,IDN,1975,0.659479976
Indonesia,IDN,1976,0.664439976
Indonesia,IDN,1977,0.681050003
Indonesia,IDN,1978,0.693979979
Indonesia,IDN,1995,0.864989996
Indonesia,IDN,2001,0.987510026
Indonesia,IDN,2002,0.987879992
Indonesia,IDN,2003,0.98672998
Indonesia,IDN,2004,0.992079973
Indonesia,IDN,2005,0.989950001
Indonesia,IDN,2006,1.008370042
Indonesia,IDN,2007,1.006139994
Indonesia,IDN,2008,0.992810011
Indonesia,IDN,2009,0.985400021
Indonesia,IDN,2010,0.996439993
Indonesia,IDN,2011,1.005290031
Indonesia,IDN,2012,1.030220032
Indonesia,IDN,2013,0.973860025
Indonesia,IDN,2014,0.991479993
Iran,IRN,2009,0.98378998
Iran,IRN,2010,0.988359988
Iran,IRN,2011,0.99436003
Iran,IRN,2012,0.990419984
Iran,IRN,2013,0.970089972
Iran,IRN,2014,1.009359956
Iraq,IRQ,1975,0.457500011
Iraq,IRQ,1976,0.45539999
Iraq,IRQ,1977,0.466100007
Iraq,IRQ,1978,0.451240003
Iraq,IRQ,1979,0.454459995
Iraq,IRQ,1980,0.468270004
Iraq,IRQ,1981,0.505490005
Iraq,IRQ,1982,0.527530015
Iraq,IRQ,1985,0.582319975
Iraq,IRQ,1987,0.60194999
Iraq,IRQ,1988,0.624819994
Iraq,IRQ,1989,0.644110024
Iraq,IRQ,1993,0.671029985
Iraq,IRQ,1999,0.664309978
Iraq,IRQ,2000,0.662699997
Iraq,IRQ,2003,0.769420028
Iraq,IRQ,2004,0.719959974
Iraq,IRQ,2007,0.807510018
Ireland,IRL,1971,1.060520053
Ireland,IRL,1972,1.040949941
Ireland,IRL,1973,1.066879988
Ireland,IRL,1974,1.064970016
Ireland,IRL,1975,1.063869953
Ireland,IRL,1976,1.061509967
Ireland,IRL,1977,1.060649991
Ireland,IRL,1978,1.067229986
Ireland,IRL,1982,1.062620044
Ireland,IRL,1991,1.052180052
Ireland,IRL,1992,1.053769946
Ireland,IRL,1995,1.050590038
Ireland,IRL,1996,1.051749945
Ireland,IRL,1997,1.048449993
Ireland,IRL,1998,1.047479987
Ireland,IRL,1999,1.048069954
Ireland,IRL,2000,1.059409976
Ireland,IRL,2001,1.066300035
Ireland,IRL,2002,1.06941998
Ireland,IRL,2003,1.06882
Ireland,IRL,2004,1.062919974
Israel,ISR,1999,1.007490039
Italy,ITA,1999,1.015319943
Italy,ITA,2000,0.97665
Italy,ITA,2001,1.027559996
Italy,ITA,2002,1.009899974
Italy,ITA,2003,1.01643002
Italy,ITA,2004,1.021679997
Italy,ITA,2005,1.021000028
Italy,ITA,2006,1.015339971
Italy,ITA,2007,1.015910029
Italy,ITA,2008,1.007560015
Italy,ITA,2009,1.006960034
Italy,ITA,2010,1.002840042
Italy,ITA,2011,1.006049991
Italy,ITA,2012,1.003829956
Italy,ITA,2013,0.999080002
Jamaica,JAM,1975,1.182540059
Jamaica,JAM,1976,1.172230005
Jamaica,JAM,1977,1.113190055
Jamaica,JAM,1981,1.123800039
Jamaica,JAM,1983,1.10157001
Jamaica,JAM,1984,1.09138
Jamaica,JAM,1985,1.086750031
Jamaica,JAM,1986,1.124580026
Jamaica,JAM,1999,1.010470033
Jamaica,JAM,2000,1.031720042
Jamaica,JAM,2001,1.029989958
Jamaica,JAM,2002,1.040310025
Jamaica,JAM,2003,1.058019996
Jamaica,JAM,2004,1.060140014
Jamaica,JAM,2005,1.07810998
Jamaica,JAM,2011,1.078750014
Jamaica,JAM,2013,1.085420012
Jamaica,JAM,2014,1.08987999
Japan,JPN,1978,1.014969945
Japan,JPN,2006,1.004649997
Japan,JPN,2007,1.004529953
Japan,JPN,2008,1.003919959
Japan,JPN,2009,1.005149961
Japan,JPN,2010,1.004500031
Japan,JPN,2011,1.006479979
Japan,JPN,2012,1.007490039
Japan,JPN,2013,1.008270025
Jordan,JOR,1999,1.088690042
Jordan,JOR,2000,1.052049994
Jordan,JOR,2002,1.042750001
Jordan,JOR,2003,1.044890046
Jordan,JOR,2004,1.031489968
Jordan,JOR,2005,1.053599954
Jordan,JOR,2006,1.038480043
Jordan,JOR,2008,1.057399988
Jordan,JOR,2011,1.057070017
Kazakhstan,KAZ,2000,1.047510028
Kazakhstan,KAZ,2013,1.018740058
Kenya,KEN,2000,0.984610021
Kenya,KEN,2001,0.973829985
Kenya,KEN,2002,0.991079986
Kenya,KEN,2003,0.970160007
Kenya,KEN,2004,1.008049965
Kenya,KEN,2005,1.013530016
Kenya,KEN,2006,0.965499997
Kenya,KEN,2007,0.902320027
Kenya,KEN,2008,0.957199991
Kenya,KEN,2009,0.939610004
Kenya,KEN,2012,0.969079971
Kiribati,KIR,1986,1.02128005
Kiribati,KIR,2003,1.149580002
Kiribati,KIR,2004,1.152760029
Kiribati,KIR,2005,1.112609982
Kuwait,KWT,1971,0.843469977
Kuwait,KWT,1972,0.86759001
Kuwait,KWT,1973,0.863619983
Kuwait,KWT,1992,0.95946002
Kuwait,KWT,1994,0.97902
Kuwait,KWT,1996,0.935159981
Kuwait,KWT,1997,0.952470005
Kuwait,KWT,1999,1.018049955
Kuwait,KWT,2000,1.030439973
Kuwait,KWT,2001,1.068920016
Kuwait,KWT,2006,1.102869987
Kuwait,KWT,2007,0.991020024
Kuwait,KWT,2008,0.970650017
Kuwait,KWT,2009,0.963620007
Kuwait,KWT,2010,0.96736002
Kuwait,KWT,2011,0.990719974
Kuwait,KWT,2012,1.044039965
Kyrgyzstan,KGZ,2004,1.00553
Kyrgyzstan,KGZ,2005,1.002320051
Kyrgyzstan,KGZ,2006,1.00545001
Kyrgyzstan,KGZ,2007,1.007089972
Kyrgyzstan,KGZ,2008,1.002509952
Kyrgyzstan,KGZ,2009,1.004089952
Kyrgyzstan,KGZ,2010,0.992630005
Kyrgyzstan,KGZ,2011,0.992690027
Kyrgyzstan,KGZ,2013,1.004989982
Kyrgyzstan,KGZ,2014,1.000259995
Laos,LAO,1992,0.784780025
Laos,LAO,1993,0.764900029
Laos,LAO,1994,0.775039971
Laos,LAO,1997,0.764280021
Laos,LAO,1998,0.793110013
Laos,LAO,1999,0.786339998
Laos,LAO,2000,0.783990026
Laos,LAO,2001,0.803009987
Laos,LAO,2002,0.807919979
Laos,LAO,2003,0.823140025
Laos,LAO,2004,0.836369991
Laos,LAO,2005,0.844799995
Laos,LAO,2006,0.85402
Laos,LAO,2007,0.861180007
Laos,LAO,2008,0.880689979
Laos,LAO,2009,0.887499988
Laos,LAO,2010,0.901950002
Laos,LAO,2011,0.903460026
Laos,LAO,2012,0.92027998
Laos,LAO,2013,0.94362998
Laos,LAO,2014,0.961740017
Latin America and the Caribbean,,1998,1.070129991
Latin America and the Caribbean,,1999,1.070250034
Latin America and the Caribbean,,2000,1.067389965
Latin America and the Caribbean,,2001,1.071009994
Latin America and the Caribbean,,2002,1.072649956
Latin America and the Caribbean,,2003,1.073050022
Latin America and the Caribbean,,2004,1.075749993
Latin America and the Caribbean,,2005,1.081670046
Latin America and the Caribbean,,2006,1.08781004
Latin America and the Caribbean,,2007,1.090600014
Latin America and the Caribbean,,2008,1.088490009
Latin America and the Caribbean,,2009,1.079929948
Latin America and the Caribbean,,2010,1.073809981
Latin America and the Caribbean,,2011,1.070639968
Latin America and the Caribbean,,2012,1.061859965
Latin America and the Caribbean,,2013,1.056660056
Latin America and the Caribbean,,2014,1.056929946
Latin America and the Caribbean (excluding high-income countries),,1998,1.071560025
Latin America and the Caribbean (excluding high-income countries),,1999,1.071799994
Latin America and the Caribbean (excluding high-income countries),,2000,1.068729997
Latin America and the Caribbean (excluding high-income countries),,2001,1.072630048
Latin America and the Caribbean (excluding high-income countries),,2002,1.074339986
Latin America and the Caribbean (excluding high-income countries),,2003,1.074730039
Latin America and the Caribbean (excluding high-income countries),,2004,1.07754004
Latin America and the Caribbean (excluding high-income countries),,2005,1.083809972
Latin America and the Caribbean (excluding high-income countries),,2006,1.090319991
Latin America and the Caribbean (excluding high-income countries),,2007,1.093060017
Latin America and the Caribbean (excluding high-income countries),,2008,1.090649962
Latin America and the Caribbean (excluding high-income countries),,2009,1.081310034
Latin America and the Caribbean (excluding high-income countries),,2010,1.074939966
Latin America and the Caribbean (excluding high-income countries),,2011,1.071460009
Latin America and the Caribbean (excluding high-income countries),,2012,1.061939955
Latin America and the Caribbean (excluding high-income countries),,2013,1.056869984
Latin America and the Caribbean (excluding high-income countries),,2014,1.05716002
Latvia,LVA,2008,1.03918004
Latvia,LVA,2009,1.037879944
Latvia,LVA,2010,1.021219969
Latvia,LVA,2011,1.01643002
Latvia,LVA,2012,1.022459984
Latvia,LVA,2013,1.021810055
Latvia,LVA,2014,1.023679972
Least-developed countries,,1977,0.545750022
Least-developed countries,,1978,0.538619995
Least-developed countries,,1979,0.535749972
Least-developed countries,,1980,0.523339987
Least-developed countries,,1981,0.52591002
Least-developed countries,,1982,0.544430017
Least-developed countries,,1983,0.553849995
Least-developed countries,,1984,0.569570005
Least-developed countries,,1985,0.584599972
Least-developed countries,,1986,0.601429999
Least-developed countries,,1987,0.615890026
Least-developed countries,,1988,0.629199982
Least-developed countries,,1989,0.644640028
Least-developed countries,,1990,0.650960028
Least-developed countries,,1991,0.660529971
Least-developed countries,,1992,0.675629973
Least-developed countries,,1993,0.688849986
Least-developed countries,,1994,0.69907999
Least-developed countries,,1995,0.720730007
Least-developed countries,,1996,0.744260013
Least-developed countries,,1997,0.769240022
Least-developed countries,,1998,0.796389997
Least-developed countries,,1999,0.818040013
Least-developed countries,,2000,0.837639987
Least-developed countries,,2001,0.848529994
Least-developed countries,,2002,0.848569989
Least-developed countries,,2003,0.851339996
Least-developed countries,,2004,0.823819995
Least-developed countries,,2005,0.837700009
Least-developed countries,,2006,0.833920002
Least-developed countries,,2007,0.837840021
Least-developed countries,,2008,0.840149999
Least-developed countries,,2009,0.853070021
Least-developed countries,,2010,0.873939991
Least-developed countries,,2011,0.890479982
Least-developed countries,,2012,0.898649991
Least-developed countries,,2013,0.896870017
Least-developed countries,,2014,0.89744997
Lebanon,LBN,2006,0.994449973
Lebanon,LBN,2007,1.017820001
Lebanon,LBN,2008,1.009449959
Lebanon,LBN,2009,1.009209991
Lebanon,LBN,2010,1.015550017
Lebanon,LBN,2011,1.002979994
Lebanon,LBN,2012,1.003370047
Lesotho,LSO,1971,1.499160051
Lesotho,LSO,1973,1.443009973
Lesotho,LSO,1977,1.631940007
Lesotho,LSO,1978,1.67711997
Lesotho,LSO,1979,1.772140026
Lesotho,LSO,1980,1.866659999
Lesotho,LSO,1981,1.890220046
Lesotho,LSO,1982,1.801319957
Lesotho,LSO,1983,2.179889917
Lesotho,LSO,1984,2.13132
Lesotho,LSO,1985,2.066349983
Lesotho,LSO,1986,2.116179943
Lesotho,LSO,1991,2.143270016
Lesotho,LSO,1992,2.038949966
Lesotho,LSO,1993,2.028160095
Lesotho,LSO,1994,2.171819925
Lesotho,LSO,1996,1.93513
Lesotho,LSO,1998,2.303679943
Lesotho,LSO,1999,1.761389971
Lesotho,LSO,2000,1.688019991
Lesotho,LSO,2001,1.61627996
Lesotho,LSO,2002,1.582430005
Lesotho,LSO,2003,1.574890018
Lesotho,LSO,2004,1.586599946
Lesotho,LSO,2005,1.60529995
Lesotho,LSO,2006,1.59205997
Lesotho,LSO,2007,1.621140003
Lesotho,LSO,2008,1.623360038
Lesotho,LSO,2009,1.663300037
Lesotho,LSO,2010,1.664360046
Lesotho,LSO,2011,1.606279969
Lesotho,LSO,2012,1.565479994
Lesotho,LSO,2014,1.569800019
Libya,LBY,1977,0.581889987
Libya,LBY,1978,0.653349996
Libya,LBY,1979,0.695290029
Libya,LBY,1980,0.716329992
Libya,LBY,1981,0.730159998
Libya,LBY,1983,0.724290013
Liechtenstein,LIE,2004,0.952889979
Liechtenstein,LIE,2008,0.917739987
Liechtenstein,LIE,2010,0.88973999
Liechtenstein,LIE,2012,0.897769988
Lithuania,LTU,1995,1.039299965
Lithuania,LTU,1998,1.01383996
Lithuania,LTU,1999,1.00801003
Lithuania,LTU,2000,1.006080031
Lithuania,LTU,2001,1.004719973
Lithuania,LTU,2006,1.008759975
Lithuania,LTU,2007,1.01236999
Lithuania,LTU,2008,1.014230013
Lithuania,LTU,2009,1.014269948
Lithuania,LTU,2010,1.006010056
Lithuania,LTU,2011,1.00425005
Lithuania,LTU,2012,1.000810027
Lithuania,LTU,2013,1.00206995
Lithuania,LTU,2014,1.001610041
Low and middle-income countries,,1998,0.888859987
Low and middle-income countries,,1999,0.892239988
Low and middle-income countries,,2000,0.898069978
Low and middle-income countries,,2001,0.912240028
Low and middle-income countries,,2002,0.925059974
Low and middle-income countries,,2003,0.937240005
Low and middle-income countries,,2004,0.943889976
Low and middle-income countries,,2005,0.953459978
Low and middle-income countries,,2006,0.957210004
Low and middle-income countries,,2007,0.959339976
Low and middle-income countries,,2008,0.964070022
Low and middle-income countries,,2009,0.971629977
Low and middle-income countries,,2010,0.977680027
Low and middle-income countries,,2011,0.984740019
Low and middle-income countries,,2012,0.991370022
Low and middle-income countries,,2013,0.99278003
Low and middle-income countries,,2014,0.995289981
Low-income countries,,1992,0.748690009
Low-income countries,,1993,0.743120015
Low-income countries,,1994,0.728290021
Low-income countries,,1995,0.730059981
Low-income countries,,1996,0.735710025
Low-income countries,,1997,0.739480019
Low-income countries,,1998,0.746100008
Low-income countries,,1999,0.746900022
Low-income countries,,2000,0.749729991
Low-income countries,,2001,0.752340019
Low-income countries,,2002,0.747739971
Low-income countries,,2003,0.753549993
Low-income countries,,2004,0.750710011
Low-income countries,,2005,0.757179976
Low-income countries,,2006,0.754930019
Low-income countries,,2007,0.760529995
Low-income countries,,2008,0.763769984
Low-income countries,,2009,0.774469972
Low-income countries,,2010,0.793259978
Low-income countries,,2011,0.811370015
Low-income countries,,2012,0.825469971
Low-income countries,,2013,0.838940024
Low-income countries,,2014,0.841430008
Lower-middle-income countries,,1999,0.830349982
Lower-middle-income countries,,2000,0.835080028
Lower-middle-income countries,,2001,0.856379986
Lower-middle-income countries,,2002,0.873189986
Lower-middle-income countries,,2003,0.889590025
Lower-middle-income countries,,2004,0.891820014
Lower-middle-income countries,,2005,0.898999989
Lower-middle-income countries,,2006,0.90662998
Lower-middle-income countries,,2007,0.911939979
Lower-middle-income countries,,2008,0.923370004
Lower-middle-income countries,,2009,0.939899981
Lower-middle-income countries,,2010,0.954859972
Lower-middle-income countries,,2011,0.968590021
Lower-middle-income countries,,2012,0.98229003
Lower-middle-income countries,,2013,0.98447001
Lower-middle-income countries,,2014,0.98961997
Luxembourg,LUX,1971,0.976239979
Luxembourg,LUX,1972,0.992139995
Luxembourg,LUX,1973,1.020169973
Luxembourg,LUX,1974,1.04922998
Luxembourg,LUX,1975,1.035509944
Luxembourg,LUX,1976,1.015810013
Luxembourg,LUX,1977,1.014580011
Luxembourg,LUX,1982,0.967220008
Luxembourg,LUX,1983,0.948059976
Luxembourg,LUX,1984,0.961149991
Luxembourg,LUX,1986,1.015540004
Luxembourg,LUX,1987,1.027870059
Luxembourg,LUX,1988,1.05745995
Luxembourg,LUX,1996,1.081550002
Luxembourg,LUX,1997,1.083889961
Luxembourg,LUX,1999,1.056429982
Luxembourg,LUX,2000,1.060549974
Luxembourg,LUX,2001,1.08299005
Luxembourg,LUX,2002,1.068449974
Luxembourg,LUX,2003,1.063199997
Luxembourg,LUX,2004,1.061370015
Luxembourg,LUX,2005,1.065050006
Luxembourg,LUX,2006,1.050359964
Luxembourg,LUX,2007,1.038820028
Luxembourg,LUX,2008,1.031579971
Luxembourg,LUX,2010,1.038490057
Luxembourg,LUX,2011,1.041960001
Luxembourg,LUX,2012,1.039590001
Luxembourg,LUX,2013,1.034389973
Macao,MAC,1990,1.138399959
Macao,MAC,1992,1.097419977
Macao,MAC,1999,1.068580031
Macao,MAC,2000,1.067659974
Macao,MAC,2001,1.103270054
Macao,MAC,2002,1.100909948
Macao,MAC,2003,1.095530033
Macao,MAC,2004,1.079530001
Macao,MAC,2005,1.074360013
Macao,MAC,2006,1.065109968
Macao,MAC,2007,1.042940021
Macao,MAC,2008,1.033959985
Macao,MAC,2009,1.047610044
Macao,MAC,2010,1.027050018
Macao,MAC,2011,1.02670002
Macao,MAC,2012,1.038529992
Macao,MAC,2013,1.043499947
Macao,MAC,2014,1.034350038
Madagascar,MDG,2005,1.022519946
Madagascar,MDG,2007,1.00522995
Madagascar,MDG,2008,1.044720054
Madagascar,MDG,2009,0.988259971
Madagascar,MDG,2011,0.999080002
Madagascar,MDG,2012,1.009750009
Madagascar,MDG,2014,1.036329985
Malawi,MWI,1999,0.779429972
Malawi,MWI,2000,0.738749981
Malawi,MWI,2001,0.810050011
Malawi,MWI,2002,0.810280025
Malawi,MWI,2004,0.851100028
Malawi,MWI,2005,0.870410025
Malawi,MWI,2006,0.913039982
Malawi,MWI,2007,0.897549987
Malawi,MWI,2008,0.912370026
Malawi,MWI,2009,0.937330008
Malawi,MWI,2010,0.961499989
Malawi,MWI,2011,0.956520021
Malawi,MWI,2012,0.932420015
Malawi,MWI,2013,0.942860007
Malawi,MWI,2014,0.978550017
Maldives,MDV,1999,1.134699941
Maldives,MDV,2000,1.160230041
Maldives,MDV,2002,1.141700029
Mali,MLI,1971,0.307749987
Mali,MLI,1991,0.572910011
Mali,MLI,2008,0.654779971
Mali,MLI,2009,0.661279976
Mali,MLI,2010,0.693560004
Mali,MLI,2011,0.705139995
Mali,MLI,2013,0.797900021
Mali,MLI,2014,0.760010004
Malta,MLT,1971,0.99138999
Malta,MLT,1972,0.892579973
Malta,MLT,1973,0.956709981
Malta,MLT,1974,0.933809996
Malta,MLT,1975,0.953549981
Malta,MLT,1976,0.94581002
Malta,MLT,1977,0.911670029
Malta,MLT,1978,0.916689992
Malta,MLT,1979,0.902580023
Malta,MLT,1980,0.940259993
Malta,MLT,1981,0.916790009
Malta,MLT,1982,0.922219992
Malta,MLT,1983,0.954330027
Malta,MLT,1984,0.946380019
Malta,MLT,1985,1.023749948
Malta,MLT,1986,1.029080033
Malta,MLT,1987,1.021530032
Malta,MLT,1988,1.021020055
Malta,MLT,1989,0.98672998
Malta,MLT,1990,0.98427999
Malta,MLT,1991,0.981190026
Malta,MLT,1992,0.978389978
Malta,MLT,1993,0.972840011
Malta,MLT,1994,0.949769974
Malta,MLT,1995,0.986580014
Malta,MLT,1996,1.071879983
Malta,MLT,1997,1.017580032
Malta,MLT,1998,1.010409951
Malta,MLT,1999,0.982789993
Malta,MLT,2000,1.002599955
Malta,MLT,2001,1.005990028
Malta,MLT,2002,1.029979944
Malta,MLT,2003,1.054440022
Malta,MLT,2004,1.109200001
Malta,MLT,2005,1.092159986
Malta,MLT,2006,1.094499946
Malta,MLT,2008,1.019649982
Malta,MLT,2010,0.865570009
Malta,MLT,2012,0.875630021
Malta,MLT,2013,0.880680025
Malta,MLT,2014,0.892889977
Marshall Islands,MHL,2002,1.057500005
Marshall Islands,MHL,2007,1.055259943
Mauritania,MRT,2001,0.81013
Mauritania,MRT,2002,0.777580023
Mauritania,MRT,2004,0.839100003
Mauritania,MRT,2005,0.86875999
Mauritania,MRT,2006,0.88477999
Mauritania,MRT,2012,0.870239973
Mauritania,MRT,2013,0.865429997
Mauritania,MRT,2014,0.920539975
Mauritius,MUS,1981,0.962010026
Mauritius,MUS,1982,0.942579985
Mauritius,MUS,1998,1.026769996
Mauritius,MUS,1999,1.002400041
Mauritius,MUS,2000,0.981880009
Mauritius,MUS,2001,0.986029983
Mauritius,MUS,2002,1.014379978
Mauritius,MUS,2004,1.009870052
Mexico,MEX,1999,0.987450004
Mexico,MEX,2000,0.996689975
Mexico,MEX,2002,1.030329943
Mexico,MEX,2003,1.043179989
Mexico,MEX,2004,1.050340056
Mexico,MEX,2005,1.058419943
Mexico,MEX,2006,1.064120054
Mexico,MEX,2007,1.067299962
Mexico,MEX,2008,1.067620039
Mexico,MEX,2009,1.065610051
Mexico,MEX,2010,1.055870056
Mexico,MEX,2011,1.049090028
Mexico,MEX,2012,1.040770054
Middle East and North Africa,,1970,0.677550018
Middle East and North Africa,,1971,0.677619994
Middle East and North Africa,,1972,0.698719978
Middle East and North Africa,,1973,0.69739002
Middle East and North Africa,,1974,0.70709002
Middle East and North Africa,,1975,0.715650022
Middle East and North Africa,,1976,0.72240001
Middle East and North Africa,,1977,0.726930022
Middle East and North Africa,,1978,0.735650003
Middle East and North Africa,,1979,0.738030016
Middle East and North Africa,,1980,0.744690001
Middle East and North Africa,,1981,0.755060017
Middle East and North Africa,,1982,0.762520015
Middle East and North Africa,,1983,0.771969974
Middle East and North Africa,,1984,0.781470001
Middle East and North Africa,,1985,0.789740026
Middle East and North Africa,,1986,0.797720015
Middle East and North Africa,,1987,0.808109999
Middle East and North Africa,,1988,0.820259988
Middle East and North Africa,,1989,0.831690013
Middle East and North Africa,,1990,0.838909984
Middle East and North Africa,,1991,0.847840011
Middle East and North Africa,,1992,0.859189987
Middle East and North Africa,,1993,0.870140016
Middle East and North Africa,,1994,0.879170001
Middle East and North Africa,,1995,0.885320008
Middle East and North Africa,,1996,0.891189992
Middle East and North Africa,,1997,0.898999989
Middle East and North Africa,,1998,0.900829971
Middle East and North Africa,,1999,0.903829992
Middle East and North Africa,,2000,0.90407002
Middle East and North Africa,,2001,0.906539977
Middle East and North Africa,,2002,0.910049975
Middle East and North Africa,,2003,0.915830016
Middle East and North Africa,,2004,0.914170027
Middle East and North Africa,,2005,0.918540001
Middle East and North Africa,,2006,0.923120022
Middle East and North Africa,,2007,0.928380013
Middle East and North Africa,,2008,0.931689978
Middle East and North Africa,,2009,0.934769988
Middle East and North Africa,,2010,0.937569976
Middle East and North Africa,,2011,0.941079974
Middle East and North Africa,,2012,0.941609979
Middle East and North Africa,,2013,0.934560001
Middle East and North Africa,,2014,0.941929996
Middle East and North Africa (excluding high-income countries),,1970,0.645990014
Middle East and North Africa (excluding high-income countries),,1971,0.646430016
Middle East and North Africa (excluding high-income countries),,1972,0.672160029
Middle East and North Africa (excluding high-income countries),,1973,0.672290027
Middle East and North Africa (excluding high-income countries),,1974,0.683409989
Middle East and North Africa (excluding high-income countries),,1975,0.694010019
Middle East and North Africa (excluding high-income countries),,1976,0.702520013
Middle East and North Africa (excluding high-income countries),,1977,0.708249986
Middle East and North Africa (excluding high-income countries),,1978,0.719009995
Middle East and North Africa (excluding high-income countries),,1979,0.722140014
Middle East and North Africa (excluding high-income countries),,1980,0.728770018
Middle East and North Africa (excluding high-income countries),,1981,0.739359975
Middle East and North Africa (excluding high-income countries),,1982,0.746619999
Middle East and North Africa (excluding high-income countries),,1983,0.755959988
Middle East and North Africa (excluding high-income countries),,1984,0.765500009
Middle East and North Africa (excluding high-income countries),,1985,0.773790002
Middle East and North Africa (excluding high-income countries),,1986,0.782149971
Middle East and North Africa (excluding high-income countries),,1987,0.792270005
Middle East and North Africa (excluding high-income countries),,1988,0.804579973
Middle East and North Africa (excluding high-income countries),,1989,0.816550016
Middle East and North Africa (excluding high-income countries),,1990,0.825049996
Middle East and North Africa (excluding high-income countries),,1991,0.834550023
Middle East and North Africa (excluding high-income countries),,1992,0.84653002
Middle East and North Africa (excluding high-income countries),,1993,0.857819974
Middle East and North Africa (excluding high-income countries),,1994,0.867510021
Middle East and North Africa (excluding high-income countries),,1995,0.873690009
Middle East and North Africa (excluding high-income countries),,1996,0.879260004
Middle East and North Africa (excluding high-income countries),,1997,0.887790024
Middle East and North Africa (excluding high-income countries),,1998,0.889980018
Middle East and North Africa (excluding high-income countries),,1999,0.893060029
Middle East and North Africa (excluding high-income countries),,2000,0.893450022
Middle East and North Africa (excluding high-income countries),,2001,0.895770013
Middle East and North Africa (excluding high-income countries),,2002,0.899339974
Middle East and North Africa (excluding high-income countries),,2003,0.905300021
Middle East and North Africa (excluding high-income countries),,2004,0.903199971
Middle East and North Africa (excluding high-income countries),,2005,0.907819986
Middle East and North Africa (excluding high-income countries),,2006,0.912649989
Middle East and North Africa (excluding high-income countries),,2007,0.918349981
Middle East and North Africa (excluding high-income countries),,2008,0.921769977
Middle East and North Africa (excluding high-income countries),,2009,0.924989998
Middle East and North Africa (excluding high-income countries),,2010,0.928709984
Middle East and North Africa (excluding high-income countries),,2011,0.933390021
Middle East and North Africa (excluding high-income countries),,2012,0.934689999
Middle East and North Africa (excluding high-income countries),,2013,0.927150011
Middle East and North Africa (excluding high-income countries),,2014,0.935079992
Middle-income countries,,1998,0.896130025
Middle-income countries,,1999,0.899779975
Middle-income countries,,2000,0.905960023
Middle-income countries,,2001,0.920799971
Middle-income countries,,2002,0.934809983
Middle-income countries,,2003,0.947619975
Middle-income countries,,2004,0.955269992
Middle-income countries,,2005,0.965759993
Middle-income countries,,2006,0.970849991
Middle-income countries,,2007,0.973749995
Middle-income countries,,2008,0.979860008
Middle-income countries,,2009,0.98822999
Middle-income countries,,2010,0.994199991
Middle-income countries,,2011,1.001230001
Middle-income countries,,2012,1.007869959
Middle-income countries,,2013,1.008669972
Middle-income countries,,2014,1.011739969
Moldova,MDA,2000,1.027680039
Moldova,MDA,2001,1.031380057
Moldova,MDA,2002,1.033280015
Moldova,MDA,2003,1.041450024
Moldova,MDA,2004,1.052240014
Moldova,MDA,2005,1.034999967
Moldova,MDA,2006,1.041980028
Moldova,MDA,2007,1.032199979
Moldova,MDA,2008,1.041270018
Moldova,MDA,2009,1.023069978
Moldova,MDA,2010,1.017400026
Moldova,MDA,2011,1.01631999
Moldova,MDA,2012,1.01067996
Moldova,MDA,2013,1.013389945
Moldova,MDA,2014,1.008129954
Mongolia,MNG,1995,1.34010005
Mongolia,MNG,1996,1.316830039
Mongolia,MNG,1997,1.345569968
Mongolia,MNG,1998,1.331859946
Mongolia,MNG,1999,1.27184999
Mongolia,MNG,2000,1.238160014
Mongolia,MNG,2001,1.213340044
Mongolia,MNG,2002,1.184499979
Mongolia,MNG,2003,1.150069952
Mongolia,MNG,2004,1.119639993
Mongolia,MNG,2005,1.115540028
Mongolia,MNG,2006,1.107229948
Mongolia,MNG,2014,1.031190038
Morocco,MAR,2005,0.882770002
Morocco,MAR,2006,0.895929992
Morocco,MAR,2007,0.903840005
Morocco,MAR,2008,0.899389982
Morocco,MAR,2010,0.905640006
Morocco,MAR,2011,0.903190017
Morocco,MAR,2012,0.899489999
Mozambique,MOZ,1992,0.603730023
Mozambique,MOZ,1993,0.613919973
Mozambique,MOZ,1994,0.61976999
Mozambique,MOZ,1995,0.639379978
Mozambique,MOZ,1999,0.699039996
Mozambique,MOZ,2000,0.695460021
Mozambique,MOZ,2001,0.698430002
Mozambique,MOZ,2002,0.723930001
Mozambique,MOZ,2004,0.779160023
Mozambique,MOZ,2005,0.784399986
Mozambique,MOZ,2006,0.815370023
Mozambique,MOZ,2007,0.819450021
Mozambique,MOZ,2008,0.84246999
Mozambique,MOZ,2009,0.87322998
Mozambique,MOZ,2010,0.893610001
Mozambique,MOZ,2011,0.932430029
Mozambique,MOZ,2012,0.954089999
Mozambique,MOZ,2013,0.977280021
Mozambique,MOZ,2014,0.997319996
Myanmar,MMR,1999,0.9727
Myanmar,MMR,2000,1.039129972
Myanmar,MMR,2001,0.935199976
Myanmar,MMR,2002,0.923179984
Myanmar,MMR,2003,0.92385
Myanmar,MMR,2004,0.933149993
Myanmar,MMR,2005,0.966180027
Myanmar,MMR,2006,0.974380016
Myanmar,MMR,2007,0.995630026
Myanmar,MMR,2009,1.01117003
Myanmar,MMR,2010,1.045050025
Myanmar,MMR,2014,1.015849948
Namibia,NAM,1998,1.361590028
Namibia,NAM,1999,1.296440005
Namibia,NAM,2000,1.267920017
Namibia,NAM,2001,1.26699996
Namibia,NAM,2002,1.190539956
Namibia,NAM,2003,1.226639986
Namibia,NAM,2004,1.232820034
Namibia,NAM,2005,1.230700016
Namibia,NAM,2006,1.262740016
Namibia,NAM,2007,1.274850011
Nauru,NRU,2012,0.973439991
Nauru,NRU,2014,1.071509957
Nepal,NPL,2007,0.86638999
Nepal,NPL,2008,0.875109971
Nepal,NPL,2010,0.942619979
Nepal,NPL,2011,0.986329973
Nepal,NPL,2012,1.029000044
Nepal,NPL,2013,1.047170043
Nepal,NPL,2014,1.072119951
Nepal,NPL,2015,1.07980001
Netherlands,NLD,1971,0.90358001
Netherlands,NLD,1972,0.925490022
Netherlands,NLD,1973,0.945079982
Netherlands,NLD,1974,0.95796001
Netherlands,NLD,1975,0.968280017
Netherlands,NLD,1976,0.988740027
Netherlands,NLD,1977,0.993730009
Netherlands,NLD,1978,1.003059983
Netherlands,NLD,1979,1.004590034
Netherlands,NLD,1980,1.012770057
Netherlands,NLD,1981,1.017259955
Netherlands,NLD,1982,1.021649957
Netherlands,NLD,1983,1.025990009
Netherlands,NLD,1984,1.024379969
Netherlands,NLD,1985,1.028570056
Netherlands,NLD,1986,1.032600045
Netherlands,NLD,1987,1.027699947
Netherlands,NLD,1988,1.027519941
Netherlands,NLD,1989,1.025410056
Netherlands,NLD,1990,1.027060032
Netherlands,NLD,1991,1.02433002
Netherlands,NLD,1992,1.031100035
Netherlands,NLD,1993,1.037930012
Netherlands,NLD,1995,1.006549954
Netherlands,NLD,1996,1.007230043
Netherlands,NLD,1997,1.007779956
Netherlands,NLD,2002,1.004080057
Netherlands,NLD,2003,1.009920001
Netherlands,NLD,2004,1.011080027
Netherlands,NLD,2005,1.022029996
Netherlands,NLD,2006,1.015820026
Netherlands,NLD,2007,1.014700055
Netherlands,NLD,2008,1.013280034
Netherlands,NLD,2009,1.013010025
Netherlands,NLD,2010,1.012660027
Netherlands,NLD,2011,1.013100028
Netherlands,NLD,2012,1.010920048
New Zealand,NZL,1977,1.013219953
New Zealand,NZL,1979,1.026430011
New Zealand,NZL,1980,1.019379973
New Zealand,NZL,1981,1.02117002
New Zealand,NZL,1982,1.031000018
New Zealand,NZL,1983,1.022979975
New Zealand,NZL,1984,1.015769958
New Zealand,NZL,1985,1.019260049
New Zealand,NZL,1986,1.008599997
New Zealand,NZL,1987,1.007959962
New Zealand,NZL,1988,1.00059998
New Zealand,NZL,1989,1.002390027
New Zealand,NZL,1990,1.006899953
New Zealand,NZL,1991,1.004099965
New Zealand,NZL,1992,1.00327003
New Zealand,NZL,1994,1.035249949
New Zealand,NZL,1995,1.011860013
New Zealand,NZL,1996,1.018759966
New Zealand,NZL,1997,1.014009953
New Zealand,NZL,1998,1.009150028
New Zealand,NZL,2002,1.020550013
New Zealand,NZL,2009,1.009060025
New Zealand,NZL,2010,1.010059953
New Zealand,NZL,2011,1.009670019
New Zealand,NZL,2012,1.008119941
New Zealand,NZL,2013,1.01383996
New Zealand,NZL,2014,1.017060041
Nicaragua,NIC,1971,0.985080004
Nicaragua,NIC,1980,1.230000019
Nicaragua,NIC,1983,1.64598
Nicaragua,NIC,1984,1.390339971
Nicaragua,NIC,1985,1.785760045
Nicaragua,NIC,1986,1.674870014
Nicaragua,NIC,1987,1.580629945
Nicaragua,NIC,1989,1.59205997
Nicaragua,NIC,2000,1.218109965
Nicaragua,NIC,2001,1.211889982
Nicaragua,NIC,2002,1.211879969
Nicaragua,NIC,2004,1.174139977
Nicaragua,NIC,2005,1.184280038
Nicaragua,NIC,2006,1.185610056
Nicaragua,NIC,2010,1.174499989
Niger,NER,1974,0.36473
Niger,NER,1976,0.387250006
Niger,NER,1977,0.381980002
Niger,NER,1978,0.37518999
Niger,NER,1979,0.342999995
Niger,NER,1981,0.391420007
Niger,NER,1990,0.382340014
Niger,NER,1991,0.384009987
Niger,NER,1997,0.56595999
Niger,NER,1999,0.597289979
Niger,NER,2001,0.609210014
Niger,NER,2002,0.60819
Niger,NER,2003,0.617760003
Niger,NER,2004,0.61382997
Niger,NER,2005,0.653540015
Niger,NER,2007,0.61698997
Niger,NER,2008,0.608749986
Niger,NER,2009,0.605340004
Niger,NER,2010,0.698339999
Niger,NER,2011,0.661679983
Niger,NER,2014,0.673049986
North America,,1986,1.039100051
North America,,1987,1.03907001
North America,,1988,1.035809994
North America,,1989,1.032570004
North America,,1990,1.029360056
North America,,1991,1.026190042
North America,,1992,1.023180008
North America,,1993,1.020169973
North America,,1994,1.016929984
North America,,1995,1.027070045
North America,,1996,1.010910034
North America,,1997,1.01394999
North America,,1998,1.017019987
North America,,1999,1.020239949
North America,,2000,1.023300052
North America,,2001,1.023390055
North America,,2002,1.004719973
North America,,2003,1.018550038
North America,,2004,1.032899976
North America,,2005,1.032760024
North America,,2006,1.025730014
North America,,2007,1.022989988
North America,,2008,1.016819954
North America,,2009,1.024580002
North America,,2010,1.017920017
North America,,2011,1.017609954
North America,,2012,1.02335
North America,,2013,1.014619946
North America,,2014,1.026260018
North Macedonia,MKD,2005,0.970539987
Norway,NOR,1978,1.018110037
Norway,NOR,1979,1.040150046
Norway,NOR,1981,1.047610044
Norway,NOR,1982,1.05309999
Norway,NOR,1984,1.045549989
Norway,NOR,1985,1.042289972
Norway,NOR,1986,1.039319992
Norway,NOR,1987,1.035539985
Norway,NOR,1988,1.038079977
Norway,NOR,1989,1.03666997
Norway,NOR,1990,1.024289966
Norway,NOR,1991,1.015699983
Norway,NOR,1992,1.006100059
Norway,NOR,1993,1.002570033
Norway,NOR,1997,1.004680037
Norway,NOR,1998,1.007990003
Norway,NOR,1999,1.007920027
Norway,NOR,2000,1.009610057
Norway,NOR,2001,1.009410024
Norway,NOR,2002,1.010750055
Norway,NOR,2003,1.008780003
Norway,NOR,2004,1.010200024
Norway,NOR,2005,1.008929968
Norway,NOR,2006,1.008769989
Norway,NOR,2007,1.006270051
Norway,NOR,2008,1.00375998
Norway,NOR,2009,1.005190015
Norway,NOR,2010,1.004400015
Norway,NOR,2011,1.006510019
Norway,NOR,2012,1.015249968
Norway,NOR,2013,1.003819942
Norway,NOR,2014,1.004140019
OECD Member countries,,1978,0.994149983
OECD Member countries,,1979,0.994870007
OECD Member countries,,1980,0.998539984
OECD Member countries,,1981,1.001099944
OECD Member countries,,1982,1.002079964
OECD Member countries,,1983,1.002089977
OECD Member countries,,1984,1.001530051
OECD Member countries,,1985,1.001649976
OECD Member countries,,1986,1.001479983
OECD Member countries,,1987,1.000380039
OECD Member countries,,1988,0.99940002
OECD Member countries,,1989,0.998579979
OECD Member countries,,1990,0.997430027
OECD Member countries,,1991,0.996079981
OECD Member countries,,1992,0.995989978
OECD Member countries,,1993,0.99397999
OECD Member countries,,1994,0.99109
OECD Member countries,,1995,0.993990004
OECD Member countries,,1996,0.992399991
OECD Member countries,,1997,0.993539989
OECD Member countries,,1998,0.995429993
OECD Member countries,,1999,0.99721998
OECD Member countries,,2000,0.998660028
OECD Member countries,,2001,1.003119946
OECD Member countries,,2002,0.999220014
OECD Member countries,,2003,1.005959988
OECD Member countries,,2004,1.011780024
OECD Member countries,,2005,1.012709975
OECD Member countries,,2006,1.011229992
OECD Member countries,,2007,1.011010051
OECD Member countries,,2008,1.010220051
OECD Member countries,,2009,1.012189984
OECD Member countries,,2010,1.008710027
OECD Member countries,,2011,1.008149981
OECD Member countries,,2012,1.010920048
OECD Member countries,,2013,1.008630037
OECD Member countries,,2014,1.012179971
Oman,OMN,1982,0.392010003
Oman,OMN,1993,0.939849973
Oman,OMN,1999,1.035069942
Oman,OMN,2000,1.008100033
Oman,OMN,2001,1.012099981
Oman,OMN,2002,0.987699986
Oman,OMN,2003,0.994350016
Oman,OMN,2009,0.90456003
Oman,OMN,2011,0.943650007
Pakistan,PAK,2006,0.773769975
Pakistan,PAK,2007,0.757420003
Pakistan,PAK,2008,0.757619977
Pakistan,PAK,2009,0.791019976
Pakistan,PAK,2011,0.754390001
Pakistan,PAK,2012,0.73921001
Pakistan,PAK,2013,0.735360026
Pakistan,PAK,2014,0.791540027
Palestine,PSE,1999,1.024189949
Palestine,PSE,2000,1.047029972
Palestine,PSE,2001,1.069519997
Palestine,PSE,2002,1.049669981
Palestine,PSE,2003,1.042330027
Palestine,PSE,2004,1.038529992
Palestine,PSE,2005,1.042580009
Palestine,PSE,2006,1.054280043
Palestine,PSE,2007,1.05862999
Palestine,PSE,2008,1.063159943
Palestine,PSE,2009,1.061540008
Palestine,PSE,2010,1.071720004
Palestine,PSE,2011,1.099910021
Palestine,PSE,2012,1.091030002
Palestine,PSE,2013,1.093170047
Palestine,PSE,2014,1.095870018
Panama,PAN,1999,1.105430007
Panama,PAN,2000,1.103950024
Panama,PAN,2001,1.101300001
Panama,PAN,2002,1.096150041
Panama,PAN,2004,1.095409989
Panama,PAN,2005,1.09138
Panama,PAN,2008,1.090880036
Panama,PAN,2009,1.095540047
Panama,PAN,2010,1.076140046
Panama,PAN,2011,1.088359952
Panama,PAN,2012,1.072610021
Paraguay,PRY,1994,1.059759974
Paraguay,PRY,1996,1.069010019
Paraguay,PRY,1998,1.066349983
Paraguay,PRY,1999,1.068760037
Paraguay,PRY,2001,1.051349998
Paraguay,PRY,2002,1.05648005
Paraguay,PRY,2003,1.059270024
Paraguay,PRY,2004,1.059999943
Paraguay,PRY,2005,1.062479973
Paraguay,PRY,2006,1.070870042
Paraguay,PRY,2007,1.068150043
Paraguay,PRY,2008,1.076259971
Paraguay,PRY,2009,1.076519966
Paraguay,PRY,2010,1.080839992
Paraguay,PRY,2011,1.081339955
Paraguay,PRY,2012,0.995800018
Peru,PER,1970,0.790899992
Peru,PER,1981,0.870320022
Peru,PER,1995,0.968529999
Peru,PER,1998,0.975790024
Peru,PER,1999,0.973200023
Peru,PER,2000,0.965510011
Peru,PER,2001,0.966859996
Peru,PER,2002,0.971289992
Peru,PER,2004,0.996420026
Peru,PER,2005,0.992359996
Peru,PER,2006,1.00229001
Peru,PER,2007,1.011309981
Peru,PER,2008,1.015470028
Peru,PER,2009,1.013859987
Peru,PER,2011,1.028339982
Peru,PER,2012,1.008000016
Peru,PER,2013,1.027420044
Peru,PER,2014,1.025779963
Philippines,PHL,1998,1.097390056
Philippines,PHL,1999,1.096940041
Philippines,PHL,2001,1.18896997
Philippines,PHL,2002,1.209329963
Philippines,PHL,2003,1.195790052
Philippines,PHL,2004,1.199779987
Philippines,PHL,2005,1.208050013
Philippines,PHL,2006,1.211400032
Philippines,PHL,2007,1.202819943
Philippines,PHL,2008,1.191439986
Philippines,PHL,2009,1.184599996
Philippines,PHL,2013,1.190649986
Poland,POL,1999,1.050760031
Poland,POL,2000,1.042840004
Poland,POL,2001,1.039919972
Poland,POL,2002,1.034119964
Poland,POL,2003,1.026119947
Poland,POL,2004,1.033699989
Poland,POL,2005,1.012719989
Poland,POL,2006,1.012639999
Poland,POL,2007,1.013610005
Poland,POL,2008,1.017429948
Poland,POL,2009,1.019619942
Poland,POL,2010,1.018749952
Poland,POL,2011,1.018610001
Poland,POL,2012,1.017179966
Poland,POL,2013,1.012899995
Portugal,PRT,1973,0.873489976
Portugal,PRT,1974,0.940970004
Portugal,PRT,1976,1.028229952
Portugal,PRT,1978,1.044950008
Portugal,PRT,1993,1.17227006
Portugal,PRT,1994,1.108700037
Portugal,PRT,1995,1.094709992
Portugal,PRT,1999,1.086400032
Portugal,PRT,2000,1.076570034
Portugal,PRT,2001,1.078430057
Portugal,PRT,2002,1.067929983
Portugal,PRT,2003,1.106570005
Portugal,PRT,2005,1.111070037
Portugal,PRT,2006,1.100440025
Puerto Rico,PRI,2011,1.038830042
Puerto Rico,PRI,2012,1.076210022
Puerto Rico,PRI,2013,1.06803
Qatar,QAT,1980,1.17166996
Qatar,QAT,1983,1.054710031
Qatar,QAT,1984,0.992609978
Qatar,QAT,1985,0.934360027
Qatar,QAT,1991,1.205139995
Qatar,QAT,1998,1.056990027
Qatar,QAT,1999,1.183400035
Qatar,QAT,2002,1.207739949
Qatar,QAT,2006,1.022050023
Qatar,QAT,2007,1.278689981
Qatar,QAT,2009,1.224449992
Qatar,QAT,2010,1.072190046
Romania,ROU,1996,1.029870033
Romania,ROU,1997,1.028699994
Romania,ROU,2013,1.003000021
Romania,ROU,2014,1.002110004
Saint Kitts and Nevis,KNA,1986,1.028509974
Saint Kitts and Nevis,KNA,1988,1.085170031
Saint Kitts and Nevis,KNA,1989,1.081609964
Saint Kitts and Nevis,KNA,1992,1.025500059
Saint Kitts and Nevis,KNA,2002,1.069990039
Saint Kitts and Nevis,KNA,2003,1.157860041
Saint Kitts and Nevis,KNA,2004,1.137940049
Saint Kitts and Nevis,KNA,2005,1.072289944
Saint Kitts and Nevis,KNA,2007,0.994000018
Saint Kitts and Nevis,KNA,2008,1.029119968
Saint Kitts and Nevis,KNA,2009,1.080629945
Saint Kitts and Nevis,KNA,2010,0.985889971
Saint Kitts and Nevis,KNA,2011,1.05250001
Saint Kitts and Nevis,KNA,2012,1.058040023
Saint Kitts and Nevis,KNA,2013,1.07122004
Saint Kitts and Nevis,KNA,2014,1.042950034
Saint Lucia,LCA,1999,1.286260009
Saint Lucia,LCA,2000,1.267279983
Saint Lucia,LCA,2001,1.25158
Saint Lucia,LCA,2002,1.276550055
Saint Lucia,LCA,2003,1.248139977
Saint Lucia,LCA,2004,0.961880028
Saint Lucia,LCA,2005,1.208870053
Saint Lucia,LCA,2006,1.242040038
Saint Lucia,LCA,2007,1.149320006
Saint Lucia,LCA,2008,1.070109963
Saint Lucia,LCA,2009,1.057579994
Saint Lucia,LCA,2010,1.010740042
Saint Lucia,LCA,2011,1.033139944
Saint Lucia,LCA,2012,1.029999971
Saint Lucia,LCA,2013,1.012439966
Saint Vincent and the Grenadines,VCT,1984,1.453889966
Saint Vincent and the Grenadines,VCT,2001,1.170519948
Saint Vincent and the Grenadines,VCT,2002,1.19125998
Saint Vincent and the Grenadines,VCT,2003,1.088310003
Saint Vincent and the Grenadines,VCT,2004,1.098510027
Saint Vincent and the Grenadines,VCT,2005,1.298910022
Saint Vincent and the Grenadines,VCT,2009,1.083189964
Saint Vincent and the Grenadines,VCT,2010,1.031350017
Samoa,WSM,1995,1.165120006
Samoa,WSM,1998,1.132189989
Samoa,WSM,1999,1.110430002
Samoa,WSM,2000,1.142560005
Samoa,WSM,2001,1.143610001
Samoa,WSM,2009,1.153749943
Samoa,WSM,2010,1.126870036
Samoa,WSM,2011,1.147989988
Samoa,WSM,2012,1.119719982
Samoa,WSM,2014,1.122869968
Sao Tome and Principe,STP,1988,0.957650006
Sao Tome and Principe,STP,2003,1.273599982
Sao Tome and Principe,STP,2004,1.057209969
Sao Tome and Principe,STP,2005,1.094959974
Sao Tome and Principe,STP,2007,1.124899983
Sao Tome and Principe,STP,2008,1.109109998
Sao Tome and Principe,STP,2009,1.16129005
Sao Tome and Principe,STP,2010,1.068169951
Sao Tome and Principe,STP,2011,1.153380036
Saudi Arabia,SAU,2009,1.000560045
Saudi Arabia,SAU,2013,0.954770029
Senegal,SEN,2004,0.726499975
Senegal,SEN,2005,0.760580003
Senegal,SEN,2006,0.770770013
Serbia,SRB,2008,1.025760055
Serbia,SRB,2009,1.025709987
Serbia,SRB,2010,1.019340038
Serbia,SRB,2011,1.023139954
Serbia,SRB,2012,1.029389977
Serbia,SRB,2013,1.027240038
Serbia,SRB,2014,1.021780014
Seychelles,SYC,1979,1.197319984
Seychelles,SYC,1993,1.02918005
Seychelles,SYC,1994,1.045130014
Seychelles,SYC,1995,1.013479948
Seychelles,SYC,1996,0.993229985
Seychelles,SYC,1999,1.073770046
Seychelles,SYC,2000,1.099290013
Seychelles,SYC,2001,1.105649948
Seychelles,SYC,2002,1.08039999
Seychelles,SYC,2003,1.08276999
Seychelles,SYC,2004,1.109249949
Seychelles,SYC,2005,1.075080037
Seychelles,SYC,2007,1.083179951
Seychelles,SYC,2008,1.10450995
Seychelles,SYC,2009,1.087530017
Seychelles,SYC,2010,1.047839999
Seychelles,SYC,2011,1.087640047
Sierra Leone,SLE,2012,0.897109985
Slovenia,SVN,1998,1.026669979
Slovenia,SVN,1999,1.03350997
Slovenia,SVN,2000,1.036080003
Slovenia,SVN,2001,1.02493
Slovenia,SVN,2002,1.011800051
Slovenia,SVN,2003,1.008909941
Slovenia,SVN,2004,1.004719973
Slovenia,SVN,2005,1.004089952
Slovenia,SVN,2006,1.009529948
Slovenia,SVN,2007,1.00872004
Slovenia,SVN,2008,1.01304996
Slovenia,SVN,2009,1.014889956
Slovenia,SVN,2010,1.010720015
Slovenia,SVN,2011,1.00714004
Slovenia,SVN,2012,1.010779977
Slovenia,SVN,2013,1.008239985
Slovenia,SVN,2014,1.006960034
Solomon Islands,SLB,1999,0.773949981
Solomon Islands,SLB,2000,0.809149981
Solomon Islands,SLB,2001,0.853020012
Solomon Islands,SLB,2002,0.848609984
Solomon Islands,SLB,2006,0.817200005
Solomon Islands,SLB,2007,0.876129985
Solomon Islands,SLB,2010,0.931360006
Solomon Islands,SLB,2011,0.976199985
Solomon Islands,SLB,2012,0.992190003
Somalia,SOM,1977,0.352310002
Somalia,SOM,1978,0.390969992
Somalia,SOM,1979,0.491149992
Somalia,SOM,1980,0.557099998
South Africa,ZAF,1994,1.199190021
South Africa,ZAF,1999,1.076629996
South Africa,ZAF,2000,1.078959942
South Africa,ZAF,2001,1.095739961
South Africa,ZAF,2002,1.109699965
South Africa,ZAF,2003,1.139009953
South Africa,ZAF,2004,1.159540057
South Africa,ZAF,2005,1.160060048
South Asia,,1999,0.756229997
South Asia,,2000,0.759039998
South Asia,,2001,0.79023999
South Asia,,2002,0.817759991
South Asia,,2003,0.843999982
South Asia,,2004,0.844609976
South Asia,,2005,0.856570005
South Asia,,2006,0.863789976
South Asia,,2007,0.872200012
South Asia,,2008,0.888589978
South Asia,,2009,0.912220001
South Asia,,2010,0.932079971
South Asia,,2011,0.952839971
South Asia,,2012,0.971620023
South Asia,,2013,0.984969974
South Asia,,2014,0.99040997
South Korea,KOR,1971,0.66802001
South Korea,KOR,1972,0.691540003
South Korea,KOR,1973,0.716030002
South Korea,KOR,1974,0.728950024
South Korea,KOR,1975,0.742659986
South Korea,KOR,1976,0.759880006
South Korea,KOR,1977,0.781530023
South Korea,KOR,1978,0.802359998
South Korea,KOR,1979,0.825489998
South Korea,KOR,1980,0.875479996
South Korea,KOR,1981,0.907729983
South Korea,KOR,1984,0.941959977
South Korea,KOR,1985,0.958840013
South Korea,KOR,1986,0.970210016
South Korea,KOR,1989,0.986299992
South Korea,KOR,1991,0.972869992
South Korea,KOR,1992,0.986329973
South Korea,KOR,1996,1.008859992
South Korea,KOR,1997,1.01075995
South Korea,KOR,1998,1.004269958
South Korea,KOR,1999,0.997060001
South Korea,KOR,2000,0.997640014
South Korea,KOR,2001,1.007009983
South Korea,KOR,2002,1.002609968
South Korea,KOR,2003,0.995909989
South Korea,KOR,2004,0.988330007
South Korea,KOR,2005,0.980090022
South Korea,KOR,2006,0.980310023
South Korea,KOR,2008,0.988250017
South Korea,KOR,2009,0.988659978
South Korea,KOR,2010,0.99109
South Korea,KOR,2011,0.989530027
South Korea,KOR,2012,0.990989983
South Korea,KOR,2013,0.990700006
Spain,ESP,1971,0.834330022
Spain,ESP,1972,0.832830012
Spain,ESP,1973,0.866159976
Spain,ESP,1975,0.943050027
Spain,ESP,1976,0.940410018
Spain,ESP,1977,0.960089982
Spain,ESP,1978,0.984059989
Spain,ESP,1979,0.991599977
Spain,ESP,1980,0.999450028
Spain,ESP,1981,1.011029959
Spain,ESP,1999,1.031149983
Spain,ESP,2000,1.037160039
Spain,ESP,2001,1.042099953
Spain,ESP,2002,1.045510054
Spain,ESP,2003,1.046419978
Spain,ESP,2004,1.05132997
Spain,ESP,2005,1.038619995
Spain,ESP,2006,1.038529992
Spain,ESP,2007,1.03610003
Spain,ESP,2008,1.034860015
Spain,ESP,2009,1.033190012
Spain,ESP,2010,1.024469972
Spain,ESP,2011,1.01560998
Spain,ESP,2012,1.014520049
Spain,ESP,2013,1.014150023
Spain,ESP,2014,1.014080048
Sri Lanka,LKA,1986,1.087849975
Sri Lanka,LKA,2010,1.041769981
Sri Lanka,LKA,2011,1.037009954
Sub-Saharan Africa,,1998,0.848140001
Sub-Saharan Africa,,1999,0.84337002
Sub-Saharan Africa,,2000,0.837719977
Sub-Saharan Africa,,2001,0.835210025
Sub-Saharan Africa,,2002,0.829190016
Sub-Saharan Africa,,2003,0.830410004
Sub-Saharan Africa,,2004,0.828949988
Sub-Saharan Africa,,2005,0.829240024
Sub-Saharan Africa,,2006,0.825990021
Sub-Saharan Africa,,2007,0.822790027
Sub-Saharan Africa,,2008,0.836570024
Sub-Saharan Africa,,2009,0.847829998
Sub-Saharan Africa,,2010,0.865239978
Sub-Saharan Africa,,2011,0.872460008
Sub-Saharan Africa,,2012,0.878440022
Sub-Saharan Africa,,2013,0.884840012
Sub-Saharan Africa,,2014,0.884909987
Sub-Saharan Africa (excluding high-income countries),,1998,0.848079979
Sub-Saharan Africa (excluding high-income countries),,1999,0.843289971
Sub-Saharan Africa (excluding high-income countries),,2000,0.837639987
Sub-Saharan Africa (excluding high-income countries),,2001,0.835129976
Sub-Saharan Africa (excluding high-income countries),,2002,0.82911998
Sub-Saharan Africa (excluding high-income countries),,2003,0.830340028
Sub-Saharan Africa (excluding high-income countries),,2004,0.828880012
Sub-Saharan Africa (excluding high-income countries),,2005,0.829169989
Sub-Saharan Africa (excluding high-income countries),,2006,0.825929999
Sub-Saharan Africa (excluding high-income countries),,2007,0.822730005
Sub-Saharan Africa (excluding high-income countries),,2008,0.836520016
Sub-Saharan Africa (excluding high-income countries),,2009,0.847790003
Sub-Saharan Africa (excluding high-income countries),,2010,0.865209997
Sub-Saharan Africa (excluding high-income countries),,2011,0.872430027
Sub-Saharan Africa (excluding high-income countries),,2012,0.878409982
Sub-Saharan Africa (excluding high-income countries),,2013,0.884809971
Sub-Saharan Africa (excluding high-income countries),,2014,0.88489002
Suriname,SUR,1987,1.193490028
Suriname,SUR,1988,1.217900038
Suriname,SUR,2009,1.182199955
Suriname,SUR,2011,1.230690002
Suriname,SUR,2013,1.211359978
Sweden,SWE,1989,1.00556004
Sweden,SWE,1990,1.010319948
Sweden,SWE,1991,1.012629986
Sweden,SWE,1992,1.012760043
Sweden,SWE,1993,1.004760027
Sweden,SWE,1994,1.003960013
Sweden,SWE,1995,1.006369948
Sweden,SWE,1996,1.008460045
Sweden,SWE,1997,1.005599976
Sweden,SWE,1999,1.036579967
Sweden,SWE,2000,1.037289977
Sweden,SWE,2001,1.018929958
Sweden,SWE,2002,1.007920027
Sweden,SWE,2003,1.005270004
Sweden,SWE,2006,1.003290057
Sweden,SWE,2007,0.999710023
Sweden,SWE,2008,1.001230001
Sweden,SWE,2009,1.000339985
Sweden,SWE,2010,1.000329971
Sweden,SWE,2011,1.001240015
Sweden,SWE,2012,0.999520004
Sweden,SWE,2013,0.996060014
Sweden,SWE,2014,0.996649981
Switzerland,CHE,1981,0.881330013
Switzerland,CHE,1982,0.884720027
Switzerland,CHE,1983,0.887419999
Switzerland,CHE,1984,0.88756001
Switzerland,CHE,1985,0.893530011
Switzerland,CHE,1986,0.89793998
Switzerland,CHE,1987,0.902130008
Switzerland,CHE,1988,0.908410013
Switzerland,CHE,1989,0.917760015
Switzerland,CHE,1990,0.923269987
Switzerland,CHE,1991,0.932799995
Switzerland,CHE,1992,0.931360006
Switzerland,CHE,1993,0.931640029
Switzerland,CHE,1994,0.938239992
Switzerland,CHE,1999,0.937780023
Switzerland,CHE,2000,0.948199987
Switzerland,CHE,2001,0.957249999
Switzerland,CHE,2002,0.951430023
Switzerland,CHE,2003,0.947350025
Switzerland,CHE,2004,0.942979991
Switzerland,CHE,2005,0.946510017
Switzerland,CHE,2006,0.948580027
Switzerland,CHE,2007,0.952859998
Switzerland,CHE,2008,0.956350029
Switzerland,CHE,2009,0.959100008
Switzerland,CHE,2010,0.969680011
Switzerland,CHE,2011,0.973240018
Switzerland,CHE,2012,0.973770022
Switzerland,CHE,2013,0.977450013
Switzerland,CHE,2014,0.977050006
Syria,SYR,1971,0.389209986
Syria,SYR,1973,0.403430015
Syria,SYR,1974,0.439090014
Syria,SYR,1975,0.470869988
Syria,SYR,1976,0.49011001
Syria,SYR,1977,0.511099994
Syria,SYR,1978,0.535049975
Syria,SYR,1979,0.558700025
Syria,SYR,1980,0.58950001
Syria,SYR,1981,0.604470015
Syria,SYR,1995,0.862089992
Syria,SYR,1996,0.894810021
Syria,SYR,1997,0.914139986
Syria,SYR,1998,0.907540023
Syria,SYR,1999,0.925119996
Syria,SYR,2000,0.928430021
Syria,SYR,2001,0.912230015
Syria,SYR,2002,0.919740021
Syria,SYR,2003,0.947619975
Syria,SYR,2004,0.952049971
Syria,SYR,2005,0.963069975
Syria,SYR,2006,0.972249985
Syria,SYR,2007,0.991569996
Syria,SYR,2008,0.999880016
Syria,SYR,2009,1.00770998
Syria,SYR,2010,1.004359961
Syria,SYR,2011,0.998000026
Syria,SYR,2012,1.000859976
Syria,SYR,2013,0.989960015
Tajikistan,TJK,1999,0.907310009
Tajikistan,TJK,2000,0.86552
Tajikistan,TJK,2001,0.842480004
Tajikistan,TJK,2002,0.83890003
Tajikistan,TJK,2004,0.849319994
Tajikistan,TJK,2005,0.847010016
Tajikistan,TJK,2006,0.843630016
Tajikistan,TJK,2007,0.858020008
Tajikistan,TJK,2008,0.884519994
Tajikistan,TJK,2009,0.900080025
Tajikistan,TJK,2010,0.893859982
Tajikistan,TJK,2011,0.897700012
Thailand,THA,1973,0.744610012
Thailand,THA,1974,0.737879992
Thailand,THA,2006,1.105599999
Thailand,THA,2007,1.124300003
Thailand,THA,2008,1.090559959
Thailand,THA,2009,1.114380002
Thailand,THA,2010,1.099560022
Thailand,THA,2011,1.098289967
Thailand,THA,2012,1.056139946
Timor,TLS,2008,1.101179957
Timor,TLS,2009,1.096680045
Timor,TLS,2010,1.124819994
Timor,TLS,2011,1.123520017
Timor,TLS,2012,1.135179996
Timor,TLS,2013,1.140890002
Timor,TLS,2014,1.155859947
Togo,TGO,1991,0.37342
Togo,TGO,1999,0.433039993
Togo,TGO,2000,0.483610004
Tonga,TON,1985,1.056020021
Tonga,TON,1990,1.026059985
Tonga,TON,1998,1.180099964
Tonga,TON,2001,1.101719975
Tonga,TON,2012,1.073559999
Tonga,TON,2013,1.067450047
Tonga,TON,2014,1.115869999
Trinidad and Tobago,TTO,1971,1.118600011
Trinidad and Tobago,TTO,1972,1.111739993
Trinidad and Tobago,TTO,1993,1.034800053
Trinidad and Tobago,TTO,2004,1.070719957
Tunisia,TUN,1978,0.586070001
Tunisia,TUN,1979,0.592310011
Tunisia,TUN,1980,0.60819
Tunisia,TUN,1983,0.626640022
Tunisia,TUN,1984,0.64526999
Tunisia,TUN,1985,0.683260024
Turkey,TUR,1974,0.442979991
Turkey,TUR,1997,0.705690026
Turkey,TUR,1999,0.750079989
Turkey,TUR,2000,0.788370013
Turkey,TUR,2001,0.806439996
Turkey,TUR,2002,0.814840019
Turkey,TUR,2003,0.824169993
Turkey,TUR,2004,0.841149986
Turkey,TUR,2005,0.858290017
Turkey,TUR,2006,0.868929982
Turkey,TUR,2007,0.880580008
Turkey,TUR,2008,0.903739989
Turkey,TUR,2009,0.923520029
Turkey,TUR,2010,0.93265003
Turkey,TUR,2011,0.938260019
Turkey,TUR,2012,0.959569991
Turkey,TUR,2013,0.967339993
Tuvalu,TUV,2014,1.259850025
Uganda,UGA,2000,0.856519997
Uganda,UGA,2001,0.863189995
Uganda,UGA,2002,0.899559975
Uganda,UGA,2003,0.907270014
Uganda,UGA,2004,0.894429982
Uganda,UGA,2005,0.900770009
Uganda,UGA,2006,0.915549994
Uganda,UGA,2007,0.925530016
Uganda,UGA,2008,0.920249999
Uganda,UGA,2009,0.92493999
Uganda,UGA,2010,0.945559978
Ukraine,UKR,2000,1.046249986
Ukraine,UKR,2006,1.014999986
Ukraine,UKR,2007,1.013069987
Ukraine,UKR,2008,1.013290048
Ukraine,UKR,2009,1.009430051
Ukraine,UKR,2010,1.005730033
Ukraine,UKR,2011,1.001180053
Ukraine,UKR,2012,1.003780007
Ukraine,UKR,2013,1.002699971
Ukraine,UKR,2014,1.008919954
United Arab Emirates,ARE,1980,0.968689978
United Arab Emirates,ARE,1994,1.081200004
United Arab Emirates,ARE,1995,1.078130007
United Arab Emirates,ARE,1997,1.12943995
United Arab Emirates,ARE,1998,1.108090043
United Arab Emirates,ARE,1999,1.100649953
United Kingdom,GBR,1971,1.015990019
United Kingdom,GBR,1972,1.011929989
United Kingdom,GBR,1973,1.008749962
United Kingdom,GBR,1974,1.00387001
United Kingdom,GBR,1975,1.000219941
United Kingdom,GBR,1976,1.014230013
United Kingdom,GBR,1977,1.014979959
United Kingdom,GBR,1978,1.015380025
United Kingdom,GBR,1979,1.016729951
United Kingdom,GBR,1981,1.035699964
United Kingdom,GBR,1982,1.037469983
United Kingdom,GBR,1983,1.032670021
United Kingdom,GBR,1984,1.031810045
United Kingdom,GBR,1986,1.035169959
United Kingdom,GBR,1987,1.025990009
United Kingdom,GBR,1990,1.028180003
United Kingdom,GBR,1991,1.030150056
United Kingdom,GBR,1992,1.029189944
United Kingdom,GBR,1993,1.000720024
United Kingdom,GBR,1994,0.998870015
United Kingdom,GBR,1995,1.000990033
United Kingdom,GBR,1996,1.005859971
United Kingdom,GBR,1997,1.00770998
United Kingdom,GBR,1998,1.009860039
United Kingdom,GBR,1999,1.010929942
United Kingdom,GBR,2000,1.014770031
United Kingdom,GBR,2001,1.014809966
United Kingdom,GBR,2002,1.019749999
United Kingdom,GBR,2003,1.033049941
United Kingdom,GBR,2004,1.032729983
United Kingdom,GBR,2005,1.038450003
United Kingdom,GBR,2006,1.039280057
United Kingdom,GBR,2007,1.032109976
United Kingdom,GBR,2008,1.020480037
United Kingdom,GBR,2009,1.012740016
United Kingdom,GBR,2010,1.00556004
United Kingdom,GBR,2011,1.001870036
United Kingdom,GBR,2012,0.997839987
United Kingdom,GBR,2013,1.00583005
United Kingdom,GBR,2014,1.009330034
United States,USA,1987,1.047539949
United States,USA,1993,1.02699995
United States,USA,1994,1.023360014
United States,USA,1995,1.034600019
United States,USA,1996,1.016600013
United States,USA,2000,1.030130029
United States,USA,2001,1.030089974
United States,USA,2002,1.009449959
United States,USA,2003,1.024549961
United States,USA,2004,1.04034996
United States,USA,2005,1.040199995
United States,USA,2006,1.032469988
United States,USA,2007,1.029489994
United States,USA,2008,1.022670031
United States,USA,2009,1.031280041
United States,USA,2010,1.023910046
United States,USA,2011,1.023440003
United States,USA,2012,1.030200005
United States,USA,2013,1.020429969
United States,USA,2014,1.033270001
Upper-middle-income countries,,1998,0.954829991
Upper-middle-income countries,,1999,0.953209996
Upper-middle-income countries,,2000,0.961220026
Upper-middle-income countries,,2001,0.969820023
Upper-middle-income countries,,2002,0.982689977
Upper-middle-income countries,,2003,0.994979978
Upper-middle-income countries,,2004,1.008479953
Upper-middle-income countries,,2005,1.023659945
Upper-middle-income countries,,2006,1.029819965
Upper-middle-income countries,,2007,1.035480022
Upper-middle-income countries,,2008,1.040019989
Upper-middle-income countries,,2009,1.04076004
Upper-middle-income countries,,2010,1.039579988
Upper-middle-income countries,,2011,1.041030049
Upper-middle-income countries,,2012,1.04073
Upper-middle-income countries,,2013,1.040709972
Upper-middle-income countries,,2014,1.041120052
Uruguay,URY,2007,1.106040001
Uruguay,URY,2008,1.105260015
Uruguay,URY,2009,1.131139994
Uruguay,URY,2010,1.118409991
Uruguay,URY,2013,1.102429986
Vanuatu,VUT,1989,0.867569983
Vanuatu,VUT,1991,0.834999979
Vanuatu,VUT,1999,0.875469983
Vanuatu,VUT,2000,1.143329978
Vanuatu,VUT,2001,0.914529979
Vanuatu,VUT,2002,0.946449995
Vanuatu,VUT,2003,0.841830015
Vanuatu,VUT,2004,0.866110027
Vanuatu,VUT,2010,1.035470009
Venezuela,VEN,1971,1.082759976
Venezuela,VEN,1972,1.083330035
Venezuela,VEN,1999,1.238690019
Venezuela,VEN,2000,1.207859993
Venezuela,VEN,2001,1.182389975
Venezuela,VEN,2002,1.173320055
Venezuela,VEN,2003,1.16328001
Venezuela,VEN,2004,1.153439999
Venezuela,VEN,2005,1.148710012
Venezuela,VEN,2006,1.141630054
Venezuela,VEN,2007,1.135360003
Venezuela,VEN,2008,1.122200012
Venezuela,VEN,2009,1.111410022
Venezuela,VEN,2010,1.112890005
Venezuela,VEN,2011,1.110640049
Venezuela,VEN,2012,1.089290023
Venezuela,VEN,2013,1.088979959
Venezuela,VEN,2014,1.103240013
World,OWID_WRL,1998,0.91316998
World,OWID_WRL,1999,0.915610015
World,OWID_WRL,2000,0.919459999
World,OWID_WRL,2001,0.931200027
World,OWID_WRL,2002,0.940259993
World,OWID_WRL,2003,0.951179981
World,OWID_WRL,2004,0.957270026
World,OWID_WRL,2005,0.965040028
World,OWID_WRL,2006,0.967700005
World,OWID_WRL,2007,0.969309986
World,OWID_WRL,2008,0.972880006
World,OWID_WRL,2009,0.979569972
World,OWID_WRL,2010,0.983910024
World,OWID_WRL,2011,0.989690006
World,OWID_WRL,2012,0.995500028
World,OWID_WRL,2013,0.996219993
World,OWID_WRL,2014,0.998969972
Yemen,YEM,1999,0.398550004
Yemen,YEM,2010,0.629649997
Yemen,YEM,2012,0.665289998
Zimbabwe,ZWE,1999,0.907410026
Zimbabwe,ZWE,2000,0.90079999
Zimbabwe,ZWE,2001,0.905529976
Zimbabwe,ZWE,2002,0.899950027
Zimbabwe,ZWE,2003,0.92347002
Zimbabwe,ZWE,2012,1.002279997
Zimbabwe,ZWE,2013,1.011080027